/home/tarasaba/PycharmProjects/cutegen_test/cutegen/llm_api.py:8: FutureWarning: 

All support for the `google.generativeai` package has ended. It will no longer be receiving 
updates or bug fixes. Please switch to the `google.genai` package as soon as possible.
See README for more details:

https://github.com/google-gemini/deprecated-generative-ai-python/blob/main/README.md

  import google.generativeai as genai
['103_Conv2D_SquareKernel11.py']
Node 0_20260815-113341 initialized
Node 0_20260815-113341 run iteration 0
Your task is to optimize using CUTE framework. If the operation can be implement using CUTE operators, USE CUTE instead of writting CUDA from scratch! If cute layout and tensors allow more optimization, use them. DO NOT under any circumstances generate CUTLASS templated code. The include cute location is found in /home/tarasaba/PycharmProjects/cutegen_test/cutegen/cutlass/include/cute/. You should add this include path directly in code in load_inline. DO NOT read from environment variables. Start with generating the simplest implementation in CuTE that is correct. For convolution-like kernels, do NOT start from a naive direct one-thread-per-output kernel when output spatial dimensions are large; start from a cooperative tiled implementation in CUTE instead, but do not jump immediately to a fragile implicit-GEMM rewrite. Pay close attention to the correct convolution kernel example given to you. Notice that CUTE tuples don’t support operator[]; you must use cute::get<Idx>(...). Pay close attention to the matrix operands dimensions and how they are compared to each other and base your implementation on what suits best for those relations. If there are a sequence of operations, you can try fusing them in the kernel.You write custom CUDA kernels using CUTE to replace the pytorch operators in the given architecture to get speedups.

Here's an example to show you the syntax of inline embedding custom CUTE/CUDA operators in torch: The example given architecture is:
```
import torch
import torch.nn as nn
import torch.nn.functional as F


class Model(nn.Module):
    def __init__(self) -> None:
        super().__init__()

    def forward(self, a, b):
        return a + b


def get_inputs():
    # randomly generate input tensors based on the model architecture
    a = torch.randn(1, 128).cuda()
    b = torch.randn(1, 128).cuda()
    return [a, b]


def get_init_inputs():
    # randomly generate tensors required for initialization based on the model architecture
    return []
```

The example new arch with custom CUTE kernels looks like this:
```
import os
import torch
import torch.nn as nn
from torch.utils.cpp_extension import load_inline

atb_cpp_decl = r\"\"\"
#include <torch/extension.h>
torch::Tensor atb_gemm(torch::Tensor A, torch::Tensor B);
\"\"\"

atb_cuda_src = r\"\"\"
#include <torch/extension.h>
#include <cuda_runtime.h>
#include <c10/cuda/CUDAStream.h>

#include <cute/tensor.hpp>

// Kernel: GEMM C = A^T * B
template <class TA, class TB, class TC>
__global__ static void
gemm_device(cute::Shape<int,int,int> shape_MNK,
            TA const* A, cute::Stride<int,int> dA,
            TB const* B, cute::Stride<int,int> dB,
            TC      * C, cute::Stride<int,int> dC)
{
  using namespace cute;

  // Represent full tensors
  Tensor mA = make_tensor(make_gmem_ptr(A), make_shape(shape_MNK[0], shape_MNK[2]), dA); // (M,K)
  Tensor mB = make_tensor(make_gmem_ptr(B), make_shape(shape_MNK[1], shape_MNK[2]), dB); // (N,K)
  Tensor mC = make_tensor(make_gmem_ptr(C), make_shape(shape_MNK[0], shape_MNK[1]), dC); // (M,N)

  // Tile
  auto cta_tiler = make_shape(Int<128>{}, Int<128>{}, Int<8>{});
  auto cta_coord = make_coord(blockIdx.x, blockIdx.y, _);
  Tensor gA = local_tile(mA, cta_tiler, cta_coord, Step<_1,X,_1>{});
  Tensor gB = local_tile(mB, cta_tiler, cta_coord, Step<X,_1,_1>{});
  Tensor gC = local_tile(mC, cta_tiler, cta_coord, Step<_1,_1,X>{});

  // Shared memory
  __shared__ TA smemA[128*8];
  __shared__ TB smemB[128*8];
  Tensor sA = make_tensor(make_smem_ptr(smemA), make_shape(Int<128>{}, Int<8>{}));
  Tensor sB = make_tensor(make_smem_ptr(smemB), make_shape(Int<128>{}, Int<8>{}));

  // Thread layouts
  auto tA = make_layout(make_shape(Int<32>{}, Int<8>{}));
  auto tB = make_layout(make_shape(Int<32>{}, Int<8>{}));
  auto tC = make_layout(make_shape(Int<16>{}, Int<16>{}));

  Tensor tAgA = local_partition(gA, tA, threadIdx.x);
  Tensor tAsA = local_partition(sA, tA, threadIdx.x);
  Tensor tBgB = local_partition(gB, tB, threadIdx.x);
  Tensor tBsB = local_partition(sB, tB, threadIdx.x);

  Tensor tCsA = local_partition(sA, tC, threadIdx.x, Step<_1,X>{});
  Tensor tCsB = local_partition(sB, tC, threadIdx.x, Step<X,_1>{});
  Tensor tCgC = local_partition(gC, tC, threadIdx.x, Step<_1,_1>{});

  Tensor tCrC = make_tensor_like(tCgC);
  clear(tCrC);

  // Loop over K
  int K_TILE_MAX = size<2>(tAgA);
  for (int k_tile = 0; k_tile < K_TILE_MAX; ++k_tile) {
    copy(tAgA(_,_,k_tile), tAsA);
    copy(tBgB(_,_,k_tile), tBsB);

    cp_async_fence();
    cp_async_wait<0>();
    __syncthreads();

    gemm(tCsA, tCsB, tCrC);
    __syncthreads();
  }

  // Epilogue
  axpby(1.0f, tCrC, 0.0f, tCgC);
}

// Host wrapper
torch::Tensor atb_gemm(torch::Tensor A, torch::Tensor B) {
  TORCH_CHECK(A.is_cuda() && B.is_cuda(), "A and B must be CUDA tensors");
  TORCH_CHECK(A.dim()==2 && B.dim()==2,  "A and B must be 2D");
  TORCH_CHECK(A.scalar_type()==at::kFloat && B.scalar_type()==at::kFloat,
              "Expect float32 tensors");

  // A:[K,M], B:[K,N] → C = A^T @ B
  int K = (int)A.size(0);
  int M = (int)A.size(1);
  int N = (int)B.size(1);
  TORCH_CHECK((int)B.size(0)==K, "B.size(0) must equal K");

  auto A_c = A.contiguous();
  auto B_c = B.contiguous();
  auto C   = torch::empty({M, N}, A.options());

  auto ptrA = A_c.data_ptr<float>();
  auto ptrB = B_c.data_ptr<float>();
  auto ptrC = C.data_ptr<float>();

  auto dA = make_stride(Int<1>{}, M);
  auto dB = make_stride(Int<1>{}, N);
  auto dC = make_stride(Int<1>{}, N);
  auto shape_MNK = make_shape(M, N, K);

  dim3 dimBlock(256);
  dim3 dimGrid((M+127)/128, (N+127)/128);

  cudaStream_t stream = c10::cuda::getCurrentCUDAStream().stream();
  gemm_device<<<dimGrid, dimBlock, 0, stream>>>(shape_MNK, ptrA, dA, ptrB, dB, ptrC, dC);

  auto err = cudaGetLastError();
  TORCH_CHECK(err == cudaSuccess, "CUTE gemm launch failed: ", cudaGetErrorString(err));

  return C;
}
\"\"\"

cutlass_atb = load_inline(
    name="cutlass_atb_inline",
    cpp_sources=atb_cpp_decl,               # forward declaration (wrapper sees the symbol)
    cuda_sources=atb_cuda_src,              # implementation lives here
    functions=["atb_gemm"],                 # auto-generate pybind wrapper
    # extra_include_paths=[], NO NEED TO INCLUDE EXTRA BECAUSE CUTLASS HEADERS IN PATH ALREADY
    extra_cflags=["-O3"],
    extra_cuda_cflags=["-O3"],              # DO NOT ADD gencode, JUST LET COMPILER TO FIND AVAILABLE ARCH, BECAUSE THIS LATER WILL BE TESTED
    verbose=False,
)

class ModelNew(nn.Module):
    def __init__(self) -> None:
        super().__init__()
        self._ext = cutlass_atb

    def forward(self, A: torch.Tensor, B: torch.Tensor) -> torch.Tensor:
        return self._ext.atb_gemm(A, B)
```
Here is also a base example of a convolution kernel to show you how they are written in CuTe:
The torch task:

```
import torch
import torch.nn as nn

class Model(nn.Module):
    """
    Performs a transposed 3D convolution operation with asymmetric input and kernel sizes.

    Args:
        in_channels (int): Number of channels in the input tensor.
        out_channels (int): Number of channels produced by the convolution.
        kernel_size (tuple): Tuple of 3 integers representing the kernel size in the form (depth, height, width).
        stride (tuple, optional): Tuple of 3 integers representing the stride in the form (depth, height, width). Defaults to (1, 1, 1).
        padding (tuple, optional): Tuple of 3 integers representing the padding in the form (depth, height, width). Defaults to (0, 0, 0).
        output_padding (tuple, optional): Tuple of 3 integers representing the output padding in the form (depth, height, width). Defaults to (0, 0, 0).
        groups (int, optional): Number of blocked connections from input channels to output channels. Defaults to 1.
        bias (bool, optional): If `True`, adds a learnable bias to the output. Defaults to `False`.
    """
    def __init__(self, in_channels: int, out_channels: int, kernel_size: tuple, stride: tuple = (1, 1, 1), padding: tuple = (0, 0, 0), output_padding: tuple = (0, 0, 0), groups: int = 1, bias: bool = False):
        super(Model, self).__init__()
        self.conv_transpose3d = nn.ConvTranspose3d(in_channels, out_channels, kernel_size, stride=stride, padding=padding, output_padding=output_padding, groups=groups, bias=bias)

    def forward(self, x: torch.Tensor) -> torch.Tensor:
        """
        Performs the transposed 3D convolution.

        Args:
            x (torch.Tensor): Input tensor of shape (batch_size, in_channels, depth_in, height_in, width_in).

        Returns:
            torch.Tensor: Output tensor of shape (batch_size, out_channels, depth_out, height_out, width_out).
        """
        return self.conv_transpose3d(x)

# Test code
batch_size = 16
in_channels = 32
out_channels = 16
kernel_size = (3, 5, 7)  # Asymmetric kernel size
depth_in = 16
height_in = 32
width_in = 64

def get_inputs():
    x = torch.rand(batch_size, in_channels, depth_in, height_in, width_in)
    return [x]

def get_init_inputs():
    return [in_channels, out_channels, kernel_size]  # Provide in_channels, out_channels, kernel_size for initialization
```

The example new arch with custom convolution CUTE kernels looks like this:
```
import math
import torch
import torch.nn as nn
import torch.nn.init as init
from torch.utils.cpp_extension import load_inline

cuda_decl = r"""
#include <torch/extension.h>
torch::Tensor dwconv2d_depthwise_k1_forward(torch::Tensor x,
                                            torch::Tensor w,
                                            c10::optional<torch::Tensor> b,
                                            int stride, int padding, int dilation);
"""

cuda_src = r"""
#include <torch/extension.h>
#include <cuda_runtime.h>
#include <c10/cuda/CUDAStream.h>
#include <cute/tensor.hpp>

using namespace cute;

template <typename T>
__global__ void dwconv2d_k1_kernel(
    const T* __restrict__ X,
    const T* __restrict__ W,
    const T* __restrict__ B,
    T* __restrict__ Y,
    int N, int C, int H, int Win,
    int K, int stride, int padding, int dilation,
    int Hout, int Wout)
{
  constexpr int Threads     = 128;
  constexpr int PVec        = 2;
  constexpr int CcPerBlock  = 4;
  constexpr int KChunk      = 64;

  const int tid = threadIdx.x;

  // Block coordinates
  const int n         = blockIdx.z;
  const int c_tile    = blockIdx.y;
  const int c_base    = c_tile * CcPerBlock;

  const int P_total   = Hout * Wout;
  const int PTile     = Threads * PVec;
  const int p_block   = blockIdx.x * PTile;

  // Memory strides
  const int64_t sXn = (int64_t)C * H * Win;
  const int64_t sXc = (int64_t)H * Win;
  const int64_t sXh = (int64_t)Win;

  const int64_t sYn = (int64_t)C * Hout * Wout;
  const int64_t sYc = (int64_t)Hout * Wout;
  const int64_t sYh = (int64_t)Wout;

  // Global tensors using Cute
  auto mX = make_tensor(
      make_gmem_ptr(X + (int64_t)n * sXn),
      make_shape(C, H, Win),
      make_stride(sXc, sXh, Int<1>{})
  );

  auto mY = make_tensor(
      make_gmem_ptr(Y + (int64_t)n * sYn),
      make_shape(C, Hout, Wout),
      make_stride(sYc, sYh, Int<1>{})
  );

  auto mW = make_tensor(
      make_gmem_ptr(W),
      make_shape(C, K),
      make_stride(K, Int<1>{})
  );

  // Shared memory for weight chunks
  __shared__ T sW_raw[CcPerBlock * KChunk];
  auto sW = make_tensor(
      make_smem_ptr(sW_raw),
      make_shape(Int<CcPerBlock>{}, Int<KChunk>{}),
      make_stride(Int<KChunk>{}, Int<1>{})
  );

  // Precompute p indices and (oh, ow), as well as base input indices
  int   p_idx[PVec];
  int   oh_arr[PVec];
  int   ow_arr[PVec];
  int   base_ih0[PVec];
  int   iw_arr[PVec];
  bool  wv_arr[PVec];

  #pragma unroll
  for (int i = 0; i < PVec; ++i) {
    int p = p_block + tid + i * Threads;
    p_idx[i] = p;

    int oh = 0, ow = 0;
    int b_wv = 0;

    if (p < P_total) {
      oh = p / Wout;
      ow = p - oh * Wout;
      int iw = ow * stride - padding;
      b_wv = (iw >= 0 && iw < Win);
      oh_arr[i] = oh;
      ow_arr[i] = ow;
      iw_arr[i] = iw;
      base_ih0[i] = oh * stride - padding;
      wv_arr[i] = (b_wv != 0);
    } else {
      oh_arr[i] = 0;
      ow_arr[i] = 0;
      iw_arr[i] = -1;
      base_ih0[i] = 0;
      wv_arr[i] = false;
    }
  }

  // Accumulators initialized with bias if present
  float acc[CcPerBlock][PVec];
  #pragma unroll
  for (int cc = 0; cc < CcPerBlock; ++cc) {
    int c = c_base + cc;
    float bval = 0.0f;
    if (B != nullptr && c < C) {
      bval = (float)B[c];
    }
    #pragma unroll
    for (int i = 0; i < PVec; ++i) {
      acc[cc][i] = bval;
    }
  }

  for (int k0 = 0; k0 < K; k0 += KChunk) {
    // Load weight chunk for CcPerBlock channels
    for (int kk = tid; kk < KChunk; kk += Threads) {
      int k_global = k0 + kk;

      #pragma unroll
      for (int cc = 0; cc < CcPerBlock; ++cc) {
        int c = c_base + cc;
        T wval = T(0);
        if (c < C && k_global < K) {
          wval = mW(c, k_global);
        }
        sW(cc, kk) = wval;
      }
    }
    __syncthreads();

    // Compute on this chunk
    #pragma unroll
    for (int i = 0; i < PVec; ++i) {
      int p = p_idx[i];
      if (p >= P_total) continue;

      int iw = iw_arr[i];
      bool wv = wv_arr[i];
      if (!wv) continue;

      int ih0 = base_ih0[i];

      #pragma unroll
      for (int kk = 0; kk < KChunk; ++kk) {
        int k_global = k0 + kk;
        if (k_global >= K) break;

        int ih = ih0 + k_global * dilation;
        if ((unsigned)ih >= (unsigned)H) continue;

        #pragma unroll
        for (int cc = 0; cc < CcPerBlock; ++cc) {
          int c = c_base + cc;
          if (c >= C) continue;

          float xval = (float)mX(c, ih, iw);
          float wval = (float)sW(cc, kk);
          acc[cc][i] += xval * wval;
        }
      }
    }
    __syncthreads();
  }

  // Store results
  #pragma unroll
  for (int cc = 0; cc < CcPerBlock; ++cc) {
    int c = c_base + cc;
    if (c >= C) continue;

    #pragma unroll
    for (int i = 0; i < PVec; ++i) {
      int p = p_idx[i];
      if (p >= P_total) continue;
      int oh = oh_arr[i];
      int ow = ow_arr[i];
      mY(c, oh, ow) = static_cast<T>(acc[cc][i]);
    }
  }
}

torch::Tensor dwconv2d_depthwise_k1_forward(torch::Tensor x,
                                            torch::Tensor w,
                                            c10::optional<torch::Tensor> b,
                                            int stride, int padding, int dilation) {
  TORCH_CHECK(x.is_cuda(), "x must be CUDA");
  TORCH_CHECK(w.is_cuda(), "w must be CUDA");
  if (b.has_value()) TORCH_CHECK(b.value().is_cuda(), "bias must be CUDA if provided");

  TORCH_CHECK(x.scalar_type() == at::kFloat, "x must be float32");
  TORCH_CHECK(w.scalar_type() == at::kFloat, "w must be float32");
  if (b.has_value()) TORCH_CHECK(b.value().scalar_type() == at::kFloat, "bias must be float32");

  TORCH_CHECK(x.dim() == 4, "x must be [N, C, H, W]");
  TORCH_CHECK(w.dim() == 4, "w must be [C, 1, K, 1] for depthwise conv (groups=C)");

  int64_t N   = x.size(0);
  int64_t C   = x.size(1);
  int64_t H   = x.size(2);
  int64_t Win = x.size(3);

  TORCH_CHECK(w.size(0) == C, "w.size(0) must equal C");
  TORCH_CHECK(w.size(1) == 1, "w.size(1) must be 1 for depthwise");
  TORCH_CHECK(w.size(3) == 1, "w.size(3) must be 1 for (kernel_width=1)");
  int64_t K = w.size(2);

  TORCH_CHECK(stride > 0 && dilation > 0, "stride and dilation must be > 0");
  TORCH_CHECK(padding >= 0, "padding must be >= 0");

  int64_t Hout = (H + 2 * padding - dilation * (K - 1) - 1) / stride + 1;
  int64_t Wout = (Win + 2 * padding - dilation * (1 - 1) - 1) / stride + 1; // kw=1
  TORCH_CHECK(Hout > 0 && Wout > 0, "Invalid output size computed");

  auto x_c = x.contiguous();
  auto w_c = w.contiguous();

  torch::Tensor b_c;
  const float* b_ptr = nullptr;
  if (b.has_value()) {
    b_c = b.value().contiguous();
    TORCH_CHECK(b_c.dim() == 1 && b_c.size(0) == C, "bias must be [C]");
    b_ptr = b_c.data_ptr<float>();
  }

  auto y = torch::empty({N, C, Hout, Wout}, x.options());

  constexpr int Threads = 128;
  constexpr int PVec = 2;
  constexpr int CcPerBlock = 4;
  const int64_t P_total = Hout * Wout;
  const int64_t PTile = Threads * PVec;

  dim3 block(Threads);
  dim3 grid(
      (unsigned)((P_total + PTile - 1) / PTile),
      (unsigned)((C + CcPerBlock - 1) / CcPerBlock),
      (unsigned)N
  );

  cudaStream_t stream = c10::cuda::getCurrentCUDAStream().stream();

  dwconv2d_k1_kernel<float><<<grid, block, 0, stream>>>(
      x_c.data_ptr<float>(),
      w_c.data_ptr<float>(),
      b_ptr,
      y.data_ptr<float>(),
      (int)N, (int)C, (int)H, (int)Win,
      (int)K, (int)stride, (int)padding, (int)dilation,
      (int)Hout, (int)Wout
  );

  auto err = cudaGetLastError();
  TORCH_CHECK(err == cudaSuccess, "dwconv2d_k1_kernel launch failed: ", cudaGetErrorString(err));

  return y;
}
"""

dwconv2d_ext = load_inline(
    name="cute_dwconv2d_k1_ext",
    cpp_sources=cuda_decl,
    cuda_sources=cuda_src,
    functions=["dwconv2d_depthwise_k1_forward"],
    extra_cflags=["-O3"],
    extra_cuda_cflags=["-O3"],
    extra_include_paths=["/home/tarasaba/cutlass/include", "/home/tarasaba/cutlass/include/cute/"],
    verbose=False,
)

class ModelNew(nn.Module):
    """
    Depthwise 2D convolution with vertical asymmetric kernel (kernel_size x 1),
    implemented with a single custom CUDA kernel using CuTe.
    """
    def __init__(self,
                 in_channels: int,
                 kernel_size: int,
                 stride: int = 1,
                 padding: int = 0,
                 dilation: int = 1,
                 bias: bool = False) -> None:
        super().__init__()
        assert isinstance(kernel_size, int) and kernel_size >= 1
        assert isinstance(stride, int) and stride >= 1
        assert isinstance(padding, int) and padding >= 0
        assert isinstance(dilation, int) and dilation >= 1

        self.in_channels = int(in_channels)
        self.kernel_size = int(kernel_size)
        self.stride = int(stride)
        self.padding = int(padding)
        self.dilation = int(dilation)

        # Depthwise: groups = in_channels, out_channels = in_channels
        C = self.in_channels
        K = self.kernel_size
        # Weight shape matches PyTorch depthwise layout: [C_out, C_in/groups, Kh, Kw] with groups=C => [C,1,K,1]
        self.weight = nn.Parameter(torch.empty(C, 1, K, 1))
        if bias:
            self.bias = nn.Parameter(torch.empty(C))
        else:
            self.register_parameter("bias", None)

        self.reset_parameters()
        self._ext = dwconv2d_ext

    def reset_parameters(self):
        init.kaiming_uniform_(self.weight, a=math.sqrt(5))
        if self.bias is not None:
            fan_in = self.kernel_size  # depthwise per-channel fan_in equals kernel_size along H (Kw=1)
            bound = 1.0 / math.sqrt(fan_in) if fan_in > 0 else 0.0
            init.uniform_(self.bias, -bound, bound)

    def forward(self, x: torch.Tensor) -> torch.Tensor:
        return self._ext.dwconv2d_depthwise_k1_forward(
            x.contiguous(),
            self.weight.contiguous(),
            self.bias if self.bias is not None else None,
            int(self.stride),
            int(self.padding),
            int(self.dilation),
        )
```

Here's the architecture you need to optimize:
```
import torch
import torch.nn as nn
import torch.nn.functional as F

class Model(nn.Module):
    def __init__(self, num_classes=1000):
        super(Model, self).__init__()
        self.conv1 = nn.Conv2d(in_channels=3, out_channels=96, kernel_size=11, stride=4, padding=2)
    
    def forward(self, x):
        x = self.conv1(x)
        return x

# Test code
batch_size = 100
num_classes = 1000

def get_inputs():
    return [torch.randn(batch_size, 3, 224, 224)]

def get_init_inputs():
    return [num_classes]
```
Implement the architecture named Model with custom CUTE operators! Name your output architecture ModelNew, and make sure that it uses CUTE/CUDA kernels that you wrote for all of the underlying computation in forward(). Make sure that the written CUTE is correct and complete, and that it implements the requested functions. Output the new code in CODEBLOCKS (wrap in ``` and ```). Please generate real code, NOT pseudocode, make sure the code compiles and is fully functional. Just output the new model code, no other text, and NO testing code! This is very important! Generate ONLY ONE kernel for the entire torch module, not one kernel per operator.

Your task is to optimize using CUTE framework. If the operation can be implement using CUTE operators, USE CUTE instead of writting CUDA from scratch! If cute layout and tensors allow more optimization, use them. DO NOT under any circumstances generate CUTLASS templated code. The include cute location is found in /home/tarasaba/PycharmProjects/cutegen_test/cutegen/cutlass/include/cute/. You should add this include path directly in code in load_inline. DO NOT read from environment variables. Start with generating the simplest implementation in CuTE that is correct. For convolution-like kernels, do NOT start from a naive direct one-thread-per-output kernel when output spatial dimensions are large; start from a cooperative tiled implementation in CUTE instead, but do not jump immediately to a fragile implicit-GEMM rewrite. Pay close attention to the correct convolution kernel example given to you. Notice that CUTE tuples don’t support operator[]; you must use cute::get<Idx>(...). Pay close attention to the matrix operands dimensions and how they are compared to each other and base your implementation on what suits best for those relations. If there are a sequence of operations, you can try fusing them in the kernel.
Querying kimi kimi-k3 with temp 0.0 max tokens 32000
[TOKENS] kimi/kimi-k3: input=6336 output=8408 total=14744 saved_to=kimi_token_usage.csv
Node 0_20260815-113341 validate iteration 0
Node 0_20260815-113341 (root node) ref time: {'mean': 2.45, 'std': 0.1, 'min': 2.33, 'max': 2.93, 'num_trials': 100}, benchmarked with torch_compile=False, torch_compile_mode=default
Running node 0_20260815-113341 at depth 0: process = 119322
Src: import math
import torch
import torch.nn as nn
from torch.utils.cpp_extension import load_inline

cpp_decl = r"""
#include <torch/extension.h>
torch::Tensor conv2d_forward(torch::Tensor x,
                             torch::Tensor w,
                             c10::optional<torch::Tensor> b,
                             int64_t stride,
                             int64_t padding);
"""

cuda_src = r"""
#include <torch/extension.h>
#include <cuda_runtime.h>
#include <c10/cuda/CUDAStream.h>

#include <cute/tensor.hpp>

using namespace cute;

// Cooperative tiled Conv2d forward (stride>=1, symmetric padding, dilation=1).
// Each block handles CTile output channels x (Threads*PVec) output positions
// of one image. Weights are staged into shared memory in chunks via CuTe
// tensors, inputs are read through CuTe global tensors (heavy reuse via L1),
// and each loaded input value feeds CTile FMAs.
template <typename T>
__global__ void conv2d_tiled_kernel(
    const T* __restrict__ X,
    const T* __restrict__ W,
    const T* __restrict__ B,
    T* __restrict__ Y,
    int N, int Cin, int H, int Win,
    int Cout, int Kh, int Kw,
    int stride, int padding,
    int Hout, int Wout)
{
  constexpr int Threads    = 128;
  constexpr int PVec       = 4;
  constexpr int CTile      = 8;
  constexpr int KChunk     = 64;

  const int tid    = threadIdx.x;
  const int n      = blockIdx.z;
  const int c_base = blockIdx.y * CTile;

  const int P_total = Hout * Wout;
  const int PTile   = Threads * PVec;
  const int p_block = blockIdx.x * PTile;

  const int Ktot = Cin * Kh * Kw;   // flattened reduction dim (ic, kh, kw)
  const int Khw  = Kh * Kw;

  // Global memory strides
  const int64_t sXn = (int64_t)Cin * H * Win;
  const int64_t sXc = (int64_t)H * Win;
  const int64_t sXh = (int64_t)Win;

  const int64_t sYn = (int64_t)Cout * Hout * Wout;
  const int64_t sYc = (int64_t)Hout * Wout;
  const int64_t sYh = (int64_t)Wout;

  // CuTe tensors over global memory (per-image views)
  auto mX = make_tensor(
      make_gmem_ptr(X + (int64_t)n * sXn),
      make_shape(Cin, H, Win),
      make_stride(sXc, sXh, Int<1>{})
  );

  auto mY = make_tensor(
      make_gmem_ptr(Y + (int64_t)n * sYn),
      make_shape(Cout, Hout, Wout),
      make_stride(sYc, sYh, Int<1>{})
  );

  // Weight viewed as (Cout, Ktot) row-major
  auto mW = make_tensor(
      make_gmem_ptr(W),
      make_shape(Cout, Ktot),
      make_stride(Ktot, Int<1>{})
  );

  // Shared-memory weight chunk [CTile, KChunk]
  __shared__ T sW_raw[CTile * KChunk];
  auto sW = make_tensor(
      make_smem_ptr(sW_raw),
      make_shape(Int<CTile>{}, Int<KChunk>{}),
      make_stride(Int<KChunk>{}, Int<1>{})
  );

  // Per-thread output positions and precomputed base input coords
  int  p_idx[PVec];
  int  oh_arr[PVec];
  int  ow_arr[PVec];
  int  ih0_arr[PVec];
  int  iw0_arr[PVec];
  bool valid[PVec];

  #pragma unroll
  for (int i = 0; i < PVec; ++i) {
    int p = p_block + tid + i * Threads;
    p_idx[i] = p;
    if (p < P_total) {
      int oh = p / Wout;
      int ow = p - oh * Wout;
      oh_arr[i]  = oh;
      ow_arr[i]  = ow;
      ih0_arr[i] = oh * stride - padding;
      iw0_arr[i] = ow * stride - padding;
      valid[i]   = true;
    } else {
      oh_arr[i]  = 0;
      ow_arr[i]  = 0;
      ih0_arr[i] = 0;
      iw0_arr[i] = 0;
      valid[i]   = false;
    }
  }

  // Accumulators initialized with bias (or zero)
  float acc[CTile][PVec];
  #pragma unroll
  for (int cc = 0; cc < CTile; ++cc) {
    int c = c_base + cc;
    float bval = 0.0f;
    if (B != nullptr && c < Cout) {
      bval = (float)B[c];
    }
    #pragma unroll
    for (int i = 0; i < PVec; ++i) {
      acc[cc][i] = bval;
    }
  }

  // Main loop over reduction dimension in chunks of KChunk
  for (int k0 = 0; k0 < Ktot; k0 += KChunk) {
    const int kmax = min(KChunk, Ktot - k0);

    // Cooperatively stage the weight chunk into shared memory
    for (int kk = tid; kk < KChunk; kk += Threads) {
      int kg = k0 + kk;
      #pragma unroll
      for (int cc = 0; cc < CTile; ++cc) {
        int c = c_base + cc;
        T wv = T(0);
        if (c < Cout && kg < Ktot) {
          wv = mW(c, kg);
        }
        sW(cc, kk) = wv;
      }
    }
    __syncthreads();

    // Compute on this chunk
    for (int kk = 0; kk < kmax; ++kk) {
      int kg  = k0 + kk;
      int ic  = kg / Khw;
      int rem = kg - ic * Khw;
      int kh  = rem / Kw;
      int kw  = rem - kh * Kw;

      #pragma unroll
      for (int i = 0; i < PVec; ++i) {
        if (!valid[i]) continue;

        int ih = ih0_arr[i] + kh;
        int iw = iw0_arr[i] + kw;
        if ((unsigned)ih >= (unsigned)H) continue;
        if ((unsigned)iw >= (unsigned)Win) continue;

        float xv = (float)mX(ic, ih, iw);

        #pragma unroll
        for (int cc = 0; cc < CTile; ++cc) {
          acc[cc][i] += xv * (float)sW(cc, kk);
        }
      }
    }
    __syncthreads();
  }

  // Epilogue: write results
  #pragma unroll
  for (int cc = 0; cc < CTile; ++cc) {
    int c = c_base + cc;
    if (c >= Cout) continue;

    #pragma unroll
    for (int i = 0; i < PVec; ++i) {
      if (!valid[i]) continue;
      mY(c, oh_arr[i], ow_arr[i]) = static_cast<T>(acc[cc][i]);
    }
  }
}

torch::Tensor conv2d_forward(torch::Tensor x,
                             torch::Tensor w,
                             c10::optional<torch::Tensor> b,
                             int64_t stride,
                             int64_t padding) {
  TORCH_CHECK(x.is_cuda(), "x must be CUDA");
  TORCH_CHECK(w.is_cuda(), "w must be CUDA");
  if (b.has_value()) TORCH_CHECK(b.value().is_cuda(), "bias must be CUDA if provided");

  TORCH_CHECK(x.scalar_type() == at::kFloat, "x must be float32");
  TORCH_CHECK(w.scalar_type() == at::kFloat, "w must be float32");
  if (b.has_value()) {
    TORCH_CHECK(b.value().scalar_type() == at::kFloat, "bias must be float32");
  }

  TORCH_CHECK(x.dim() == 4, "x must be [N, Cin, H, W]");
  TORCH_CHECK(w.dim() == 4, "w must be [Cout, Cin, Kh, Kw]");
  TORCH_CHECK(stride > 0, "stride must be > 0");
  TORCH_CHECK(padding >= 0, "padding must be >= 0");

  const int64_t N    = x.size(0);
  const int64_t Cin  = x.size(1);
  const int64_t H    = x.size(2);
  const int64_t Win  = x.size(3);

  const int64_t Cout = w.size(0);
  const int64_t Kh   = w.size(2);
  const int64_t Kw   = w.size(3);

  TORCH_CHECK(w.size(1) == Cin, "w.size(1) must equal x.size(1)");

  const int64_t Hout = (H + 2 * padding - Kh) / stride + 1;
  const int64_t Wout = (Win + 2 * padding - Kw) / stride + 1;
  TORCH_CHECK(Hout > 0 && Wout > 0, "Invalid output size computed");

  auto x_c = x.contiguous();
  auto w_c = w.contiguous();

  torch::Tensor b_c;
  const float* b_ptr = nullptr;
  if (b.has_value()) {
    b_c = b.value().contiguous();
    TORCH_CHECK(b_c.dim() == 1 && b_c.size(0) == Cout, "bias must be [Cout]");
    b_ptr = b_c.data_ptr<float>();
  }

  auto y = torch::empty({N, Cout, Hout, Wout}, x.options());

  constexpr int Threads = 128;
  constexpr int PVec    = 4;
  constexpr int CTile   = 8;

  const int64_t P_total = Hout * Wout;
  const int64_t PTile   = Threads * PVec;

  dim3 block(Threads);
  dim3 grid(
      (unsigned)((P_total + PTile - 1) / PTile),
      (unsigned)((Cout + CTile - 1) / CTile),
      (unsigned)N
  );

  cudaStream_t stream = c10::cuda::getCurrentCUDAStream().stream();

  conv2d_tiled_kernel<float><<<grid, block, 0, stream>>>(
      x_c.data_ptr<float>(),
      w_c.data_ptr<float>(),
      b_ptr,
      y.data_ptr<float>(),
      (int)N, (int)Cin, (int)H, (int)Win,
      (int)Cout, (int)Kh, (int)Kw,
      (int)stride, (int)padding,
      (int)Hout, (int)Wout
  );

  auto err = cudaGetLastError();
  TORCH_CHECK(err == cudaSuccess, "conv2d_tiled_kernel launch failed: ",
              cudaGetErrorString(err));

  return y;
}
"""

conv2d_ext = load_inline(
    name="cute_conv2d_k11s4_ext",
    cpp_sources=cpp_decl,
    cuda_sources=cuda_src,
    functions=["conv2d_forward"],
    extra_cflags=["-O3"],
    extra_cuda_cflags=["-O3"],
    extra_include_paths=[
        "/home/tarasaba/PycharmProjects/cutegen_test/cutegen/cutlass/include",
        "/home/tarasaba/PycharmProjects/cutegen_test/cutegen/cutlass/include/cute/",
    ],
    verbose=False,
)


class ModelNew(nn.Module):
    """
    Conv2d(3 -> 96, kernel_size=11, stride=4, padding=2) implemented with a
    single cooperative tiled CuTe/CUDA kernel.
    """
    def __init__(self, num_classes=1000):
        super(ModelNew, self).__init__()
        # Parameters stored in a standard Conv2d module (state_dict compatible),
        # but forward() runs entirely on the custom CuTe kernel.
        self.conv1 = nn.Conv2d(in_channels=3, out_channels=96, kernel_size=11,
                               stride=4, padding=2)
        self._ext = conv2d_ext

    def forward(self, x):
        return self._ext.conv2d_forward(
            x,
            self.conv1.weight,
            self.conv1.bias,
            int(self.conv1.stride[0]),
            int(self.conv1.padding[0]),
        )
/home/tarasaba/PycharmProjects/cutegen_test/cutegen/llm_api.py:8: FutureWarning: 

All support for the `google.generativeai` package has ended. It will no longer be receiving 
updates or bug fixes. Please switch to the `google.genai` package as soon as possible.
See README for more details:

https://github.com/google-gemini/deprecated-generative-ai-python/blob/main/README.md

  import google.generativeai as genai
run_in_subprocess, result = True, success = True, new_meta = {'last_passed_src': '', 'last_passed_depth': 0, 'retries_by_depth': {}, 'best_passed_src': '', 'best_passed_depth': 0, 'best_passed_time': 999999.0, 'best_passed_nsight_metrics': {}, 'hardware': 'NVIDIA GeForce RTX 4090', 'device': '0', 'compile': '', 'correct': ''}
Node 0_20260815-113341 compile: True. Metadata: {'last_passed_src': '', 'last_passed_depth': 0, 'retries_by_depth': {}, 'best_passed_src': '', 'best_passed_depth': 0, 'best_passed_time': 999999.0, 'best_passed_nsight_metrics': {}, 'hardware': 'NVIDIA GeForce RTX 4090', 'device': '0', 'compile': '', 'correct': ''}
/home/tarasaba/PycharmProjects/cutegen_test/cutegen/llm_api.py:8: FutureWarning: 

All support for the `google.generativeai` package has ended. It will no longer be receiving 
updates or bug fixes. Please switch to the `google.genai` package as soon as possible.
See README for more details:

https://github.com/google-gemini/deprecated-generative-ai-python/blob/main/README.md

  import google.generativeai as genai
REF globals batch_size/dim currently:100None
INPUT[0] shape=torch.Size([100, 3, 224, 224]), device=cpu, dtype=torch.float32
REF globals batch_size/dim currently:100None
INPUT[0] shape=torch.Size([100, 3, 224, 224]), device=cpu, dtype=torch.float32
REF globals batch_size/dim currently:100None
INPUT[0] shape=torch.Size([100, 3, 224, 224]), device=cpu, dtype=torch.float32
REF globals batch_size/dim currently:100None
INPUT[0] shape=torch.Size([100, 3, 224, 224]), device=cpu, dtype=torch.float32
REF globals batch_size/dim currently:100None
INPUT[0] shape=torch.Size([100, 3, 224, 224]), device=cpu, dtype=torch.float32
REF globals batch_size/dim currently:100None
INPUT[0] shape=torch.Size([100, 3, 224, 224]), device=cpu, dtype=torch.float32
REF globals batch_size/dim currently:100None
INPUT[0] shape=torch.Size([100, 3, 224, 224]), device=cpu, dtype=torch.float32
REF globals batch_size/dim currently:100None
INPUT[0] shape=torch.Size([100, 3, 224, 224]), device=cpu, dtype=torch.float32
REF globals batch_size/dim currently:100None
INPUT[0] shape=torch.Size([100, 3, 224, 224]), device=cpu, dtype=torch.float32
REF globals batch_size/dim currently:100None
INPUT[0] shape=torch.Size([100, 3, 224, 224]), device=cpu, dtype=torch.float32
run_in_subprocess, result = True, success = True, new_meta = {'last_passed_src': '', 'last_passed_depth': 0, 'retries_by_depth': {}, 'best_passed_src': '', 'best_passed_depth': 0, 'best_passed_time': 999999.0, 'best_passed_nsight_metrics': {}, 'hardware': 'NVIDIA GeForce RTX 4090', 'device': 'cuda:0', 'compile': '', 'correct': 'Passed 10 out of 10 trials: ALL PASSED\nOutput value matched, max diff: 0.0008953958749771118, avg diff: 0.000133105757413432'}
Node 0_20260815-113341 compile and correct. Metadata: {'last_passed_src': '', 'last_passed_depth': 0, 'retries_by_depth': {}, 'best_passed_src': '', 'best_passed_depth': 0, 'best_passed_time': 999999.0, 'best_passed_nsight_metrics': {}, 'hardware': 'NVIDIA GeForce RTX 4090', 'device': '0', 'compile': '', 'correct': ''}
Node 0_20260815-113341 time: {'mean': 2.53, 'std': 0.132, 'min': 2.41, 'max': 3.03, 'num_trials': 100}
{'last_passed_src': '', 'last_passed_depth': 0, 'retries_by_depth': {}, 'best_passed_src': '', 'best_passed_depth': 0, 'best_passed_time': 999999.0, 'best_passed_nsight_metrics': {}, 'hardware': 'NVIDIA GeForce RTX 4090', 'device': 'cuda:0', 'compile': '', 'correct': '', 'profile_build_directory': '/tmp/ncu_build_craf6u7q', 'profile_tmp_directory': '/tmp/ncu_prof_pe4oeu3v', 'profile_cmd': 'env PATH=/home/tarasaba/PycharmProjects/cutegen_test/venv/bin:/usr/local/cuda/bin:/home/tarasaba/PycharmProjects/cutegen_test/venv/bin:/home/tarasaba/miniconda3/bin:/home/tarasaba/miniconda3/condabin:/usr/local/sbin:/usr/local/bin:/usr/sbin:/usr/bin:/sbin:/bin:/usr/games:/usr/local/games:/snap/bin:/snap/bin CUDA_HOME=/usr/local/cuda LD_LIBRARY_PATH=/usr/local/cuda/lib64: VIRTUAL_ENV=/home/tarasaba/PycharmProjects/cutegen_test/venv TORCH_EXTENSIONS_DIR=/tmp/ncu_build_craf6u7q /usr/local/cuda/bin/ncu --set basic --target-processes all --nvtx --nvtx-include CUTGEN_PROFILE_ITER/ /home/tarasaba/PycharmProjects/cutegen_test/venv/bin/python3 /tmp/ncu_prof_pe4oeu3v/profiler.py', 'profile_stdout': '==PROF== Connected to process 120536 (/home/tarasaba/miniconda3/bin/python3.13)\n==PROF== Profiling "conv2d_tiled_kernel" - 0: 0%....50%....100% - 8 passes\nPYTHON = /home/tarasaba/PycharmProjects/cutegen_test/venv/bin/python3\nCWD = /home/tarasaba/PycharmProjects/cutegen_test\nTORCH_EXTENSIONS_DIR = /tmp/ncu_build_craf6u7q\nCUDA_HOME = /usr/local/cuda\nPATH = /home/tarasaba/PycharmProjects/cutegen_test/venv/bin:/usr/local/cuda/bin:/home/tarasaba/PycharmProjects/cutegen_test/venv/bin:/home/tarasaba/miniconda3/bin:/home/tarasaba/miniconda3/condabin:/usr/local/sbin:/usr/local/bin:/usr/sbin:/usr/bin:/sbin:/bin:/usr/games:/usr/local/games:/snap/bin:/snap/bin\nwhich ninja = /home/tarasaba/PycharmProjects/cutegen_test/venv/bin/ninja\nwhich nvcc = /usr/local/cuda/bin/nvcc\n==PROF== Disconnected from process 120536\n[120536] python3.13@127.0.0.1\n  void conv2d_tiled_kernel<float>(const T1 *, const T1 *, const T1 *, T1 *, int, int, int, int, int, int, int, int, int, int, int) (6, 12, 100)x(128, 1, 1), Context 1, Stream 7, Device 0, CC 8.9\n\n    NVTX Push/Pop Stack for Thread 120536:\n      <default domain>\n        <0,CUTGEN_PROFILE_ITER>\n    Section: GPU Speed Of Light Throughput\n    ----------------------- ----------- ------------\n    Metric Name             Metric Unit Metric Value\n    ----------------------- ----------- ------------\n    DRAM Frequency                  Ghz        10.24\n    SM Frequency                    Ghz         2.23\n    Elapsed Cycles                cycle    6,569,365\n    Memory Throughput                 %        89.87\n    DRAM Throughput                   %         5.71\n    Duration                         ms         2.94\n    L1/TEX Cache Throughput           %        90.16\n    L2 Cache Throughput               %        17.66\n    SM Active Cycles              cycle 6,476,714.87\n    Compute (SM) Throughput           %        89.87\n    ----------------------- ----------- ------------\n\n    INF   This workload is utilizing greater than 80.0% of the available compute or memory performance of the device.   \n          To further improve performance, work will likely need to be shifted from the most utilized to another unit.   \n          Start by analyzing workloads in the Compute Workload Analysis section.                                        \n\n    Section: Launch Statistics\n    -------------------------------- --------------- ---------------\n    Metric Name                          Metric Unit    Metric Value\n    -------------------------------- --------------- ---------------\n    Block Size                                                   128\n    Function Cache Configuration                     CachePreferNone\n    Grid Size                                                  7,200\n    Registers Per Thread             register/thread              96\n    Shared Memory Configuration Size           Kbyte           32.77\n    Driver Shared Memory Per Block       Kbyte/block            1.02\n    Dynamic Shared Memory Per Block       byte/block               0\n    Static Shared Memory Per Block       Kbyte/block            2.05\n    # SMs                                         SM             128\n    Stack Size                                                 1,024\n    Threads                                   thread         921,600\n    # TPCs                                                        64\n    Enabled TPC IDs                                              all\n    Uses Green Context                                             0\n    Waves Per SM                                               11.25\n    -------------------------------- --------------- ---------------\n\n    Section: Occupancy\n    ------------------------------- ----------- ------------\n    Metric Name                     Metric Unit Metric Value\n    ------------------------------- ----------- ------------\n    Block Limit SM                        block           24\n    Block Limit Registers                 block            5\n    Block Limit Shared Mem                block           10\n    Block Limit Warps                     block           12\n    Theoretical Active Warps per SM        warp           20\n    Theoretical Occupancy                     %        41.67\n    Achieved Occupancy                        %        40.21\n    Achieved Active Warps Per SM           warp        19.30\n    ------------------------------- ----------- ------------\n\n    OPT   Est. Local Speedup: 58.33%                                                                                    \n          The 5.00 theoretical warps per scheduler this kernel can issue according to its occupancy are below the       \n          hardware maximum of 12. This kernel\'s theoretical occupancy (41.7%) is limited by the number of required      \n          registers.                                                                                                    \n\n    Section: GPU and Memory Workload Distribution\n    -------------------------- ----------- -------------\n    Metric Name                Metric Unit  Metric Value\n    -------------------------- ----------- -------------\n    Average DRAM Active Cycles       cycle  1,719,857.33\n    Total DRAM Elapsed Cycles        cycle   361,455,616\n    Average L1 Active Cycles         cycle  6,476,714.87\n    Total L1 Elapsed Cycles          cycle   831,769,538\n    Average L2 Active Cycles         cycle  5,397,861.64\n    Total L2 Elapsed Cycles          cycle   207,966,780\n    Average SM Active Cycles         cycle  6,476,714.87\n    Total SM Elapsed Cycles          cycle   831,769,538\n    Average SMSP Active Cycles       cycle  6,476,659.34\n    Total SMSP Elapsed Cycles        cycle 3,327,078,152\n    -------------------------- ----------- -------------\n\n', 'profile_stderr': ''}
removed /tmp/ncu_prof_pe4oeu3v
removed /tmp/ncu_build_craf6u7q
==PROF== Connected to process 120536 (/home/tarasaba/miniconda3/bin/python3.13)
==PROF== Profiling "conv2d_tiled_kernel" - 0: 0%....50%....100% - 8 passes
PYTHON = /home/tarasaba/PycharmProjects/cutegen_test/venv/bin/python3
CWD = /home/tarasaba/PycharmProjects/cutegen_test
TORCH_EXTENSIONS_DIR = /tmp/ncu_build_craf6u7q
CUDA_HOME = /usr/local/cuda
PATH = /home/tarasaba/PycharmProjects/cutegen_test/venv/bin:/usr/local/cuda/bin:/home/tarasaba/PycharmProjects/cutegen_test/venv/bin:/home/tarasaba/miniconda3/bin:/home/tarasaba/miniconda3/condabin:/usr/local/sbin:/usr/local/bin:/usr/sbin:/usr/bin:/sbin:/bin:/usr/games:/usr/local/games:/snap/bin:/snap/bin
which ninja = /home/tarasaba/PycharmProjects/cutegen_test/venv/bin/ninja
which nvcc = /usr/local/cuda/bin/nvcc
==PROF== Disconnected from process 120536
[120536] python3.13@127.0.0.1
  void conv2d_tiled_kernel<float>(const T1 *, const T1 *, const T1 *, T1 *, int, int, int, int, int, int, int, int, int, int, int) (6, 12, 100)x(128, 1, 1), Context 1, Stream 7, Device 0, CC 8.9

    NVTX Push/Pop Stack for Thread 120536:
      <default domain>
        <0,CUTGEN_PROFILE_ITER>
    Section: GPU Speed Of Light Throughput
    ----------------------- ----------- ------------
    Metric Name             Metric Unit Metric Value
    ----------------------- ----------- ------------
    DRAM Frequency                  Ghz        10.24
    SM Frequency                    Ghz         2.23
    Elapsed Cycles                cycle    6,569,365
    Memory Throughput                 %        89.87
    DRAM Throughput                   %         5.71
    Duration                         ms         2.94
    L1/TEX Cache Throughput           %        90.16
    L2 Cache Throughput               %        17.66
    SM Active Cycles              cycle 6,476,714.87
    Compute (SM) Throughput           %        89.87
    ----------------------- ----------- ------------

    INF   This workload is utilizing greater than 80.0% of the available compute or memory performance of the device.   
          To further improve performance, work will likely need to be shifted from the most utilized to another unit.   
          Start by analyzing workloads in the Compute Workload Analysis section.                                        

    Section: Launch Statistics
    -------------------------------- --------------- ---------------
    Metric Name                          Metric Unit    Metric Value
    -------------------------------- --------------- ---------------
    Block Size                                                   128
    Function Cache Configuration                     CachePreferNone
    Grid Size                                                  7,200
    Registers Per Thread             register/thread              96
    Shared Memory Configuration Size           Kbyte           32.77
    Driver Shared Memory Per Block       Kbyte/block            1.02
    Dynamic Shared Memory Per Block       byte/block               0
    Static Shared Memory Per Block       Kbyte/block            2.05
    # SMs                                         SM             128
    Stack Size                                                 1,024
    Threads                                   thread         921,600
    # TPCs                                                        64
    Enabled TPC IDs                                              all
    Uses Green Context                                             0
    Waves Per SM                                               11.25
    -------------------------------- --------------- ---------------

    Section: Occupancy
    ------------------------------- ----------- ------------
    Metric Name                     Metric Unit Metric Value
    ------------------------------- ----------- ------------
    Block Limit SM                        block           24
    Block Limit Registers                 block            5
    Block Limit Shared Mem                block           10
    Block Limit Warps                     block           12
    Theoretical Active Warps per SM        warp           20
    Theoretical Occupancy                     %        41.67
    Achieved Occupancy                        %        40.21
    Achieved Active Warps Per SM           warp        19.30
    ------------------------------- ----------- ------------

    OPT   Est. Local Speedup: 58.33%                                                                                    
          The 5.00 theoretical warps per scheduler this kernel can issue according to its occupancy are below the       
          hardware maximum of 12. This kernel's theoretical occupancy (41.7%) is limited by the number of required      
          registers.                                                                                                    

    Section: GPU and Memory Workload Distribution
    -------------------------- ----------- -------------
    Metric Name                Metric Unit  Metric Value
    -------------------------- ----------- -------------
    Average DRAM Active Cycles       cycle  1,719,857.33
    Total DRAM Elapsed Cycles        cycle   361,455,616
    Average L1 Active Cycles         cycle  6,476,714.87
    Total L1 Elapsed Cycles          cycle   831,769,538
    Average L2 Active Cycles         cycle  5,397,861.64
    Total L2 Elapsed Cycles          cycle   207,966,780
    Average SM Active Cycles         cycle  6,476,714.87
    Total SM Elapsed Cycles          cycle   831,769,538
    Average SMSP Active Cycles       cycle  6,476,659.34
    Total SMSP Elapsed Cycles        cycle 3,327,078,152
    -------------------------- ----------- -------------


Node 0_20260815-113341 profile: {'returncode': 0}
build_directory to remove: /home/tarasaba/PycharmProjects/cutegen_test/build/0_20260815-113341/
Removed build directory: /home/tarasaba/PycharmProjects/cutegen_test/build/0_20260815-113341/
Node 0_20260815-113341 run iteration 1
Node 1_20260815-113911 initialized
Saving node 0_20260815-113341 to /home/tarasaba/PycharmProjects/cutegen_test/saved_nodes/cute/level1-profiled/103_Conv2D_SquareKernel11.py
Node 1_20260815-113911 run iteration 0
Querying kimi kimi-k3 with temp 0.0 max tokens 32000
[TOKENS] kimi/kimi-k3: input=7085 output=18717 total=25802 saved_to=kimi_token_usage.csv
node 1_20260815-113911 codegen_edits llm_response: ```json
[
  {
    "action": "replace",
    "line_number": 262,
    "new_code": "  conv2d_tiled_kernel<float><<<grid, block, smem_bytes, stream>>>("
  },
  {
    "action": "insert",
    "line_number": 252,
    "new_code": [
      "  const int64_t Ktot = Cin * Kh * Kw;",
      "  const size_t smem_bytes = (size_t)CTile * (size_t)Ktot * sizeof(float);",
      "  if (smem_bytes > 48 * 1024) {",
      "    cudaFuncSetAttribute(conv2d_tiled_kernel<float>,",
      "                         cudaFuncAttributeMaxDynamicSharedMemorySize,",
      "                         (int)smem_bytes);",
      "  }"
    ]
  },
  {
    "action": "replace",
    "line_number": 24,
    "num_lines": 173,
    "new_code": [
      "// Cooperative tiled Conv2d forward (stride>=1, symmetric padding, dilation=1).",
      "// Each block handles CTile output channels x (Threads*PVec) output positions",
      "// of one image. OPTIMIZATION (shared-memory reuse + hot-loop restructure):",
      "// the FULL weight tile [CTile, Ktot] is staged once into shared memory via",
      "// CuTe tensors (Ktot = Cin*Kh*Kw is small), eliminating per-chunk staging",
      "// and all __syncthreads from the main loop. The reduction is iterated",
      "// directly as (ic, kh, kw) with per-position valid kernel ranges",
      "// precomputed, so the hot loop is division-free and needs no per-element",
      "// bounds checks: one coalesced gmem load feeds CTile FMAs with",
      "// warp-broadcast shared-memory weights.",
      "template <typename T>",
      "__global__ void conv2d_tiled_kernel(",
      "    const T* __restrict__ X,",
      "    const T* __restrict__ W,",
      "    const T* __restrict__ B,",
      "    T* __restrict__ Y,",
      "    int N, int Cin, int H, int Win,",
      "    int Cout, int Kh, int Kw,",
      "    int stride, int padding,",
      "    int Hout, int Wout)",
      "{",
      "  constexpr int Threads    = 128;",
      "  constexpr int PVec       = 4;",
      "  constexpr int CTile      = 8;",
      "",
      "  const int tid    = threadIdx.x;",
      "  const int n      = blockIdx.z;",
      "  const int c_base = blockIdx.y * CTile;",
      "",
      "  const int P_total = Hout * Wout;",
      "  const int PTile   = Threads * PVec;",
      "  const int p_block = blockIdx.x * PTile;",
      "",
      "  const int Ktot = Cin * Kh * Kw;   // flattened reduction dim (ic, kh, kw)",
      "  const int Khw  = Kh * Kw;",
      "",
      "  // Global memory strides",
      "  const int64_t sXn = (int64_t)Cin * H * Win;",
      "  const int64_t sXc = (int64_t)H * Win;",
      "  const int64_t sXh = (int64_t)Win;",
      "",
      "  const int64_t sYn = (int64_t)Cout * Hout * Wout;",
      "  const int64_t sYc = (int64_t)Hout * Wout;",
      "  const int64_t sYh = (int64_t)Wout;",
      "",
      "  // CuTe tensor over global memory (per-image output view)",
      "  auto mY = make_tensor(",
      "      make_gmem_ptr(Y + (int64_t)n * sYn),",
      "      make_shape(Cout, Hout, Wout),",
      "      make_stride(sYc, sYh, Int<1>{})",
      "  );",
      "",
      "  // Weight viewed as (Cout, Ktot) row-major",
      "  auto mW = make_tensor(",
      "      make_gmem_ptr(W),",
      "      make_shape(Cout, Ktot),",
      "      make_stride(Ktot, Int<1>{})",
      "  );",
      "",
      "  // Dynamic shared memory holding the FULL weight tile [CTile, Ktot]",
      "  extern __shared__ T sW_raw[];",
      "  auto sW = make_tensor(",
      "      make_smem_ptr(sW_raw),",
      "      make_shape(Int<CTile>{}, Ktot),",
      "      make_stride(Ktot, Int<1>{})",
      "  );",
      "",
      "  // Cooperatively stage the weight tile once (coalesced along k)",
      "  #pragma unroll",
      "  for (int cc = 0; cc < CTile; ++cc) {",
      "    const int c = c_base + cc;",
      "    for (int k = tid; k < Ktot; k += Threads) {",
      "      sW(cc, k) = (c < Cout) ? mW(c, k) : T(0);",
      "    }",
      "  }",
      "  __syncthreads();",
      "",
      "  // Per-thread output positions, valid kernel ranges and base input",
      "  // pointers (all per-element bounds checks hoisted out of the hot loop)",
      "  int   oh_arr[PVec];",
      "  int   ow_arr[PVec];",
      "  int   kh_lo[PVec];",
      "  int   kh_hi[PVec];",
      "  int   kw_lo[PVec];",
      "  int   kw_hi[PVec];",
      "  const T* xbase[PVec];",
      "  bool  valid[PVec];",
      "",
      "  #pragma unroll",
      "  for (int i = 0; i < PVec; ++i) {",
      "    const int p = p_block + tid + i * Threads;",
      "    if (p < P_total) {",
      "      const int oh  = p / Wout;",
      "      const int ow  = p - oh * Wout;",
      "      const int ih0 = oh * stride - padding;",
      "      const int iw0 = ow * stride - padding;",
      "      oh_arr[i] = oh;",
      "      ow_arr[i] = ow;",
      "      kh_lo[i] = max(0, -ih0);",
      "      kh_hi[i] = min(Kh, H - ih0);",
      "      kw_lo[i] = max(0, -iw0);",
      "      kw_hi[i] = min(Kw, Win - iw0);",
      "      xbase[i] = X + (int64_t)n * sXn + (int64_t)ih0 * sXh + iw0;",
      "      valid[i] = true;",
      "    } else {",
      "      oh_arr[i] = 0;",
      "      ow_arr[i] = 0;",
      "      kh_lo[i] = 0;",
      "      kh_hi[i] = 0;",
      "      kw_lo[i] = 0;",
      "      kw_hi[i] = 0;",
      "      xbase[i]  = X;",
      "      valid[i]  = false;",
      "    }",
      "  }",
      "",
      "  // Accumulators initialized with bias (or zero)",
      "  float acc[CTile][PVec];",
      "  #pragma unroll",
      "  for (int cc = 0; cc < CTile; ++cc) {",
      "    const int c = c_base + cc;",
      "    float bval = 0.0f;",
      "    if (B != nullptr && c < Cout) {",
      "      bval = (float)B[c];",
      "    }",
      "    #pragma unroll",
      "    for (int i = 0; i < PVec; ++i) {",
      "      acc[cc][i] = bval;",
      "    }",
      "  }",
      "",
      "  // Division-free main loop over (ic, kh, kw): one coalesced global load",
      "  // feeds CTile FMAs with warp-broadcast shared-memory weights.",
      "  for (int ic = 0; ic < Cin; ++ic) {",
      "    const int64_t xoff_c = (int64_t)ic * sXc;",
      "    const int     woff_c = ic * Khw;",
      "    #pragma unroll",
      "    for (int i = 0; i < PVec; ++i) {",
      "      if (!valid[i]) continue;",
      "      const T* __restrict__ xic = xbase[i] + xoff_c;",
      "      for (int kh = kh_lo[i]; kh < kh_hi[i]; ++kh) {",
      "        const T* __restrict__ xrow = xic + (int64_t)kh * sXh;",
      "        const int woff_r = woff_c + kh * Kw;",
      "        const int kw_end = kw_hi[i];",
      "        const T* __restrict__ xp = xrow + kw_lo[i];",
      "        for (int kw = kw_lo[i]; kw < kw_end; ++kw) {",
      "          const float xv = (float)(*xp);",
      "          ++xp;",
      "          const int kk = woff_r + kw;",
      "          #pragma unroll",
      "          for (int cc = 0; cc < CTile; ++cc) {",
      "            acc[cc][i] += xv * (float)sW(cc, kk);",
      "          }",
      "        }",
      "      }",
      "    }",
      "  }",
      "",
      "  // Epilogue: write results",
      "  #pragma unroll",
      "  for (int cc = 0; cc < CTile; ++cc) {",
      "    const int c = c_base + cc;",
      "    if (c >= Cout) continue;",
      "",
      "    #pragma unroll",
      "    for (int i = 0; i < PVec; ++i) {",
      "      if (!valid[i]) continue;",
      "      mY(c, oh_arr[i], ow_arr[i]) = static_cast<T>(acc[cc][i]);",
      "    }",
      "  }",
      "}"
    ]
  }
]
```
[{'action': 'replace', 'line_number': 262, 'new_code': '  conv2d_tiled_kernel<float><<<grid, block, smem_bytes, stream>>>('}, {'action': 'insert', 'line_number': 252, 'new_code': ['  const int64_t Ktot = Cin * Kh * Kw;', '  const size_t smem_bytes = (size_t)CTile * (size_t)Ktot * sizeof(float);', '  if (smem_bytes > 48 * 1024) {', '    cudaFuncSetAttribute(conv2d_tiled_kernel<float>,', '                         cudaFuncAttributeMaxDynamicSharedMemorySize,', '                         (int)smem_bytes);', '  }']}, {'action': 'replace', 'line_number': 24, 'num_lines': 173, 'new_code': ['// Cooperative tiled Conv2d forward (stride>=1, symmetric padding, dilation=1).', '// Each block handles CTile output channels x (Threads*PVec) output positions', '// of one image. OPTIMIZATION (shared-memory reuse + hot-loop restructure):', '// the FULL weight tile [CTile, Ktot] is staged once into shared memory via', '// CuTe tensors (Ktot = Cin*Kh*Kw is small), eliminating per-chunk staging', '// and all __syncthreads from the main loop. The reduction is iterated', '// directly as (ic, kh, kw) with per-position valid kernel ranges', '// precomputed, so the hot loop is division-free and needs no per-element', '// bounds checks: one coalesced gmem load feeds CTile FMAs with', '// warp-broadcast shared-memory weights.', 'template <typename T>', '__global__ void conv2d_tiled_kernel(', '    const T* __restrict__ X,', '    const T* __restrict__ W,', '    const T* __restrict__ B,', '    T* __restrict__ Y,', '    int N, int Cin, int H, int Win,', '    int Cout, int Kh, int Kw,', '    int stride, int padding,', '    int Hout, int Wout)', '{', '  constexpr int Threads    = 128;', '  constexpr int PVec       = 4;', '  constexpr int CTile      = 8;', '', '  const int tid    = threadIdx.x;', '  const int n      = blockIdx.z;', '  const int c_base = blockIdx.y * CTile;', '', '  const int P_total = Hout * Wout;', '  const int PTile   = Threads * PVec;', '  const int p_block = blockIdx.x * PTile;', '', '  const int Ktot = Cin * Kh * Kw;   // flattened reduction dim (ic, kh, kw)', '  const int Khw  = Kh * Kw;', '', '  // Global memory strides', '  const int64_t sXn = (int64_t)Cin * H * Win;', '  const int64_t sXc = (int64_t)H * Win;', '  const int64_t sXh = (int64_t)Win;', '', '  const int64_t sYn = (int64_t)Cout * Hout * Wout;', '  const int64_t sYc = (int64_t)Hout * Wout;', '  const int64_t sYh = (int64_t)Wout;', '', '  // CuTe tensor over global memory (per-image output view)', '  auto mY = make_tensor(', '      make_gmem_ptr(Y + (int64_t)n * sYn),', '      make_shape(Cout, Hout, Wout),', '      make_stride(sYc, sYh, Int<1>{})', '  );', '', '  // Weight viewed as (Cout, Ktot) row-major', '  auto mW = make_tensor(', '      make_gmem_ptr(W),', '      make_shape(Cout, Ktot),', '      make_stride(Ktot, Int<1>{})', '  );', '', '  // Dynamic shared memory holding the FULL weight tile [CTile, Ktot]', '  extern __shared__ T sW_raw[];', '  auto sW = make_tensor(', '      make_smem_ptr(sW_raw),', '      make_shape(Int<CTile>{}, Ktot),', '      make_stride(Ktot, Int<1>{})', '  );', '', '  // Cooperatively stage the weight tile once (coalesced along k)', '  #pragma unroll', '  for (int cc = 0; cc < CTile; ++cc) {', '    const int c = c_base + cc;', '    for (int k = tid; k < Ktot; k += Threads) {', '      sW(cc, k) = (c < Cout) ? mW(c, k) : T(0);', '    }', '  }', '  __syncthreads();', '', '  // Per-thread output positions, valid kernel ranges and base input', '  // pointers (all per-element bounds checks hoisted out of the hot loop)', '  int   oh_arr[PVec];', '  int   ow_arr[PVec];', '  int   kh_lo[PVec];', '  int   kh_hi[PVec];', '  int   kw_lo[PVec];', '  int   kw_hi[PVec];', '  const T* xbase[PVec];', '  bool  valid[PVec];', '', '  #pragma unroll', '  for (int i = 0; i < PVec; ++i) {', '    const int p = p_block + tid + i * Threads;', '    if (p < P_total) {', '      const int oh  = p / Wout;', '      const int ow  = p - oh * Wout;', '      const int ih0 = oh * stride - padding;', '      const int iw0 = ow * stride - padding;', '      oh_arr[i] = oh;', '      ow_arr[i] = ow;', '      kh_lo[i] = max(0, -ih0);', '      kh_hi[i] = min(Kh, H - ih0);', '      kw_lo[i] = max(0, -iw0);', '      kw_hi[i] = min(Kw, Win - iw0);', '      xbase[i] = X + (int64_t)n * sXn + (int64_t)ih0 * sXh + iw0;', '      valid[i] = true;', '    } else {', '      oh_arr[i] = 0;', '      ow_arr[i] = 0;', '      kh_lo[i] = 0;', '      kh_hi[i] = 0;', '      kw_lo[i] = 0;', '      kw_hi[i] = 0;', '      xbase[i]  = X;', '      valid[i]  = false;', '    }', '  }', '', '  // Accumulators initialized with bias (or zero)', '  float acc[CTile][PVec];', '  #pragma unroll', '  for (int cc = 0; cc < CTile; ++cc) {', '    const int c = c_base + cc;', '    float bval = 0.0f;', '    if (B != nullptr && c < Cout) {', '      bval = (float)B[c];', '    }', '    #pragma unroll', '    for (int i = 0; i < PVec; ++i) {', '      acc[cc][i] = bval;', '    }', '  }', '', '  // Division-free main loop over (ic, kh, kw): one coalesced global load', '  // feeds CTile FMAs with warp-broadcast shared-memory weights.', '  for (int ic = 0; ic < Cin; ++ic) {', '    const int64_t xoff_c = (int64_t)ic * sXc;', '    const int     woff_c = ic * Khw;', '    #pragma unroll', '    for (int i = 0; i < PVec; ++i) {', '      if (!valid[i]) continue;', '      const T* __restrict__ xic = xbase[i] + xoff_c;', '      for (int kh = kh_lo[i]; kh < kh_hi[i]; ++kh) {', '        const T* __restrict__ xrow = xic + (int64_t)kh * sXh;', '        const int woff_r = woff_c + kh * Kw;', '        const int kw_end = kw_hi[i];', '        const T* __restrict__ xp = xrow + kw_lo[i];', '        for (int kw = kw_lo[i]; kw < kw_end; ++kw) {', '          const float xv = (float)(*xp);', '          ++xp;', '          const int kk = woff_r + kw;', '          #pragma unroll', '          for (int cc = 0; cc < CTile; ++cc) {', '            acc[cc][i] += xv * (float)sW(cc, kk);', '          }', '        }', '      }', '    }', '  }', '', '  // Epilogue: write results', '  #pragma unroll', '  for (int cc = 0; cc < CTile; ++cc) {', '    const int c = c_base + cc;', '    if (c >= Cout) continue;', '', '    #pragma unroll', '    for (int i = 0; i < PVec; ++i) {', '      if (!valid[i]) continue;', '      mY(c, oh_arr[i], ow_arr[i]) = static_cast<T>(acc[cc][i]);', '    }', '  }', '}']}]
Node 1_20260815-113911 validate iteration 0
Running node 1_20260815-113911 at depth 1: process = 119322
Src: import math
import torch
import torch.nn as nn
from torch.utils.cpp_extension import load_inline

cpp_decl = r"""
#include <torch/extension.h>
torch::Tensor conv2d_forward(torch::Tensor x,
                             torch::Tensor w,
                             c10::optional<torch::Tensor> b,
                             int64_t stride,
                             int64_t padding);
"""

cuda_src = r"""
#include <torch/extension.h>
#include <cuda_runtime.h>
#include <c10/cuda/CUDAStream.h>

#include <cute/tensor.hpp>

using namespace cute;

// Cooperative tiled Conv2d forward (stride>=1, symmetric padding, dilation=1).
// Each block handles CTile output channels x (Threads*PVec) output positions
// of one image. OPTIMIZATION (shared-memory reuse + hot-loop restructure):
// the FULL weight tile [CTile, Ktot] is staged once into shared memory via
// CuTe tensors (Ktot = Cin*Kh*Kw is small), eliminating per-chunk staging
// and all __syncthreads from the main loop. The reduction is iterated
// directly as (ic, kh, kw) with per-position valid kernel ranges
// precomputed, so the hot loop is division-free and needs no per-element
// bounds checks: one coalesced gmem load feeds CTile FMAs with
// warp-broadcast shared-memory weights.
template <typename T>
__global__ void conv2d_tiled_kernel(
    const T* __restrict__ X,
    const T* __restrict__ W,
    const T* __restrict__ B,
    T* __restrict__ Y,
    int N, int Cin, int H, int Win,
    int Cout, int Kh, int Kw,
    int stride, int padding,
    int Hout, int Wout)
{
  constexpr int Threads    = 128;
  constexpr int PVec       = 4;
  constexpr int CTile      = 8;
  const int tid    = threadIdx.x;
  const int n      = blockIdx.z;
  const int c_base = blockIdx.y * CTile;
  const int P_total = Hout * Wout;
  const int PTile   = Threads * PVec;
  const int p_block = blockIdx.x * PTile;
  const int Ktot = Cin * Kh * Kw;   // flattened reduction dim (ic, kh, kw)
  const int Khw  = Kh * Kw;
  // Global memory strides
  const int64_t sXn = (int64_t)Cin * H * Win;
  const int64_t sXc = (int64_t)H * Win;
  const int64_t sXh = (int64_t)Win;
  const int64_t sYn = (int64_t)Cout * Hout * Wout;
  const int64_t sYc = (int64_t)Hout * Wout;
  const int64_t sYh = (int64_t)Wout;
  // CuTe tensor over global memory (per-image output view)
  auto mY = make_tensor(
      make_gmem_ptr(Y + (int64_t)n * sYn),
      make_shape(Cout, Hout, Wout),
      make_stride(sYc, sYh, Int<1>{})
  );
  // Weight viewed as (Cout, Ktot) row-major
  auto mW = make_tensor(
      make_gmem_ptr(W),
      make_shape(Cout, Ktot),
      make_stride(Ktot, Int<1>{})
  );
  // Dynamic shared memory holding the FULL weight tile [CTile, Ktot]
  extern __shared__ T sW_raw[];
  auto sW = make_tensor(
      make_smem_ptr(sW_raw),
      make_shape(Int<CTile>{}, Ktot),
      make_stride(Ktot, Int<1>{})
  );
  // Cooperatively stage the weight tile once (coalesced along k)
  #pragma unroll
  for (int cc = 0; cc < CTile; ++cc) {
    const int c = c_base + cc;
    for (int k = tid; k < Ktot; k += Threads) {
      sW(cc, k) = (c < Cout) ? mW(c, k) : T(0);
    }
  }
  __syncthreads();
  // Per-thread output positions, valid kernel ranges and base input
  // pointers (all per-element bounds checks hoisted out of the hot loop)
  int   oh_arr[PVec];
  int   ow_arr[PVec];
  int   kh_lo[PVec];
  int   kh_hi[PVec];
  int   kw_lo[PVec];
  int   kw_hi[PVec];
  const T* xbase[PVec];
  bool  valid[PVec];
  #pragma unroll
  for (int i = 0; i < PVec; ++i) {
    const int p = p_block + tid + i * Threads;
    if (p < P_total) {
      const int oh  = p / Wout;
      const int ow  = p - oh * Wout;
      const int ih0 = oh * stride - padding;
      const int iw0 = ow * stride - padding;
      oh_arr[i] = oh;
      ow_arr[i] = ow;
      kh_lo[i] = max(0, -ih0);
      kh_hi[i] = min(Kh, H - ih0);
      kw_lo[i] = max(0, -iw0);
      kw_hi[i] = min(Kw, Win - iw0);
      xbase[i] = X + (int64_t)n * sXn + (int64_t)ih0 * sXh + iw0;
      valid[i] = true;
    } else {
      oh_arr[i] = 0;
      ow_arr[i] = 0;
      kh_lo[i] = 0;
      kh_hi[i] = 0;
      kw_lo[i] = 0;
      kw_hi[i] = 0;
      xbase[i]  = X;
      valid[i]  = false;
    }
  }
  // Accumulators initialized with bias (or zero)
  float acc[CTile][PVec];
  #pragma unroll
  for (int cc = 0; cc < CTile; ++cc) {
    const int c = c_base + cc;
    float bval = 0.0f;
    if (B != nullptr && c < Cout) {
      bval = (float)B[c];
    }
    #pragma unroll
    for (int i = 0; i < PVec; ++i) {
      acc[cc][i] = bval;
    }
  }
  // Division-free main loop over (ic, kh, kw): one coalesced global load
  // feeds CTile FMAs with warp-broadcast shared-memory weights.
  for (int ic = 0; ic < Cin; ++ic) {
    const int64_t xoff_c = (int64_t)ic * sXc;
    const int     woff_c = ic * Khw;
    #pragma unroll
    for (int i = 0; i < PVec; ++i) {
      if (!valid[i]) continue;
      const T* __restrict__ xic = xbase[i] + xoff_c;
      for (int kh = kh_lo[i]; kh < kh_hi[i]; ++kh) {
        const T* __restrict__ xrow = xic + (int64_t)kh * sXh;
        const int woff_r = woff_c + kh * Kw;
        const int kw_end = kw_hi[i];
        const T* __restrict__ xp = xrow + kw_lo[i];
        for (int kw = kw_lo[i]; kw < kw_end; ++kw) {
          const float xv = (float)(*xp);
          ++xp;
          const int kk = woff_r + kw;
          #pragma unroll
          for (int cc = 0; cc < CTile; ++cc) {
            acc[cc][i] += xv * (float)sW(cc, kk);
          }
        }
      }
    }
  }
  // Epilogue: write results
  #pragma unroll
  for (int cc = 0; cc < CTile; ++cc) {
    const int c = c_base + cc;
    if (c >= Cout) continue;
    #pragma unroll
    for (int i = 0; i < PVec; ++i) {
      if (!valid[i]) continue;
      mY(c, oh_arr[i], ow_arr[i]) = static_cast<T>(acc[cc][i]);
    }
  }
}

torch::Tensor conv2d_forward(torch::Tensor x,
                             torch::Tensor w,
                             c10::optional<torch::Tensor> b,
                             int64_t stride,
                             int64_t padding) {
  TORCH_CHECK(x.is_cuda(), "x must be CUDA");
  TORCH_CHECK(w.is_cuda(), "w must be CUDA");
  if (b.has_value()) TORCH_CHECK(b.value().is_cuda(), "bias must be CUDA if provided");

  TORCH_CHECK(x.scalar_type() == at::kFloat, "x must be float32");
  TORCH_CHECK(w.scalar_type() == at::kFloat, "w must be float32");
  if (b.has_value()) {
    TORCH_CHECK(b.value().scalar_type() == at::kFloat, "bias must be float32");
  }

  TORCH_CHECK(x.dim() == 4, "x must be [N, Cin, H, W]");
  TORCH_CHECK(w.dim() == 4, "w must be [Cout, Cin, Kh, Kw]");
  TORCH_CHECK(stride > 0, "stride must be > 0");
  TORCH_CHECK(padding >= 0, "padding must be >= 0");

  const int64_t N    = x.size(0);
  const int64_t Cin  = x.size(1);
  const int64_t H    = x.size(2);
  const int64_t Win  = x.size(3);

  const int64_t Cout = w.size(0);
  const int64_t Kh   = w.size(2);
  const int64_t Kw   = w.size(3);

  TORCH_CHECK(w.size(1) == Cin, "w.size(1) must equal x.size(1)");

  const int64_t Hout = (H + 2 * padding - Kh) / stride + 1;
  const int64_t Wout = (Win + 2 * padding - Kw) / stride + 1;
  TORCH_CHECK(Hout > 0 && Wout > 0, "Invalid output size computed");

  auto x_c = x.contiguous();
  auto w_c = w.contiguous();

  torch::Tensor b_c;
  const float* b_ptr = nullptr;
  if (b.has_value()) {
    b_c = b.value().contiguous();
    TORCH_CHECK(b_c.dim() == 1 && b_c.size(0) == Cout, "bias must be [Cout]");
    b_ptr = b_c.data_ptr<float>();
  }

  auto y = torch::empty({N, Cout, Hout, Wout}, x.options());

  constexpr int Threads = 128;
  constexpr int PVec    = 4;
  constexpr int CTile   = 8;

  const int64_t P_total = Hout * Wout;
  const int64_t PTile   = Threads * PVec;
  const int64_t Ktot = Cin * Kh * Kw;
  const size_t smem_bytes = (size_t)CTile * (size_t)Ktot * sizeof(float);
  if (smem_bytes > 48 * 1024) {
    cudaFuncSetAttribute(conv2d_tiled_kernel<float>,
                         cudaFuncAttributeMaxDynamicSharedMemorySize,
                         (int)smem_bytes);
  }

  dim3 block(Threads);
  dim3 grid(
      (unsigned)((P_total + PTile - 1) / PTile),
      (unsigned)((Cout + CTile - 1) / CTile),
      (unsigned)N
  );

  cudaStream_t stream = c10::cuda::getCurrentCUDAStream().stream();

  conv2d_tiled_kernel<float><<<grid, block, smem_bytes, stream>>>(
      x_c.data_ptr<float>(),
      w_c.data_ptr<float>(),
      b_ptr,
      y.data_ptr<float>(),
      (int)N, (int)Cin, (int)H, (int)Win,
      (int)Cout, (int)Kh, (int)Kw,
      (int)stride, (int)padding,
      (int)Hout, (int)Wout
  );

  auto err = cudaGetLastError();
  TORCH_CHECK(err == cudaSuccess, "conv2d_tiled_kernel launch failed: ",
              cudaGetErrorString(err));

  return y;
}
"""

conv2d_ext = load_inline(
    name="cute_conv2d_k11s4_ext",
    cpp_sources=cpp_decl,
    cuda_sources=cuda_src,
    functions=["conv2d_forward"],
    extra_cflags=["-O3"],
    extra_cuda_cflags=["-O3"],
    extra_include_paths=[
        "/home/tarasaba/PycharmProjects/cutegen_test/cutegen/cutlass/include",
        "/home/tarasaba/PycharmProjects/cutegen_test/cutegen/cutlass/include/cute/",
    ],
    verbose=False,
)


class ModelNew(nn.Module):
    """
    Conv2d(3 -> 96, kernel_size=11, stride=4, padding=2) implemented with a
    single cooperative tiled CuTe/CUDA kernel.
    """
    def __init__(self, num_classes=1000):
        super(ModelNew, self).__init__()
        # Parameters stored in a standard Conv2d module (state_dict compatible),
        # but forward() runs entirely on the custom CuTe kernel.
        self.conv1 = nn.Conv2d(in_channels=3, out_channels=96, kernel_size=11,
                               stride=4, padding=2)
        self._ext = conv2d_ext

    def forward(self, x):
        return self._ext.conv2d_forward(
            x,
            self.conv1.weight,
            self.conv1.bias,
            int(self.conv1.stride[0]),
            int(self.conv1.padding[0]),
        )
/home/tarasaba/PycharmProjects/cutegen_test/cutegen/llm_api.py:8: FutureWarning: 

All support for the `google.generativeai` package has ended. It will no longer be receiving 
updates or bug fixes. Please switch to the `google.genai` package as soon as possible.
See README for more details:

https://github.com/google-gemini/deprecated-generative-ai-python/blob/main/README.md

  import google.generativeai as genai
run_in_subprocess, result = True, success = True, new_meta = {'prev_nsight_metrics': {'kernel': 'conv2d_tiled_kernel', 'config': {'block_size': 128.0, 'grid_size': 7200.0, 'registers_per_thread': 96.0, 'dynamic_smem_bytes': 0.0, 'static_smem_kb': 2.05, 'theoretical_occupancy_pct': 41.67, 'achieved_occupancy_pct': 40.21}, 'sections': {'GPU Speed Of Light Throughput': {'DRAM Frequency': {'unit': 'Ghz', 'value': 10.24}, 'SM Frequency': {'unit': 'Ghz', 'value': 2.23}, 'Elapsed Cycles': {'unit': 'cycle', 'value': 6569365.0}, 'Memory Throughput': {'unit': '%', 'value': 89.87}, 'DRAM Throughput': {'unit': '%', 'value': 5.71}, 'Duration': {'unit': 'ms', 'value': 2.94}, 'L1/TEX Cache Throughput': {'unit': '%', 'value': 90.16}, 'L2 Cache Throughput': {'unit': '%', 'value': 17.66}, 'SM Active Cycles': {'unit': '', 'value': 'cycle 6,476,714.87'}, 'Compute (SM) Throughput': {'unit': '%', 'value': 89.87}, '----------------------- ----------- ------------': {'unit': '', 'value': ''}}, 'Launch Statistics': {'Block Size': {'unit': '', 'value': 128.0}, 'Function Cache Configuration': {'unit': '', 'value': 'CachePreferNone'}, 'Grid Size': {'unit': '', 'value': 7200.0}, 'Registers Per Thread': {'unit': 'register/thread', 'value': 96.0}, 'Shared Memory Configuration Size': {'unit': 'Kbyte', 'value': 32.77}, 'Driver Shared Memory Per Block': {'unit': 'Kbyte/block', 'value': 1.02}, 'Dynamic Shared Memory Per Block': {'unit': 'byte/block', 'value': 0.0}, 'Static Shared Memory Per Block': {'unit': 'Kbyte/block', 'value': 2.05}, '# SMs': {'unit': 'SM', 'value': 128.0}, 'Stack Size': {'unit': '', 'value': 1024.0}, 'Threads': {'unit': 'thread', 'value': 921600.0}, '# TPCs': {'unit': '', 'value': 64.0}, 'Enabled TPC IDs': {'unit': '', 'value': 'all'}, 'Uses Green Context': {'unit': '', 'value': 0.0}, 'Waves Per SM': {'unit': '', 'value': 11.25}, '-------------------------------- --------------- ---------------': {'unit': '', 'value': ''}}, 'Occupancy': {'Block Limit SM': {'unit': 'block', 'value': 24.0}, 'Block Limit Registers': {'unit': 'block', 'value': 5.0}, 'Block Limit Shared Mem': {'unit': 'block', 'value': 10.0}, 'Block Limit Warps': {'unit': 'block', 'value': 12.0}, 'Theoretical Active Warps per SM': {'unit': 'warp', 'value': 20.0}, 'Theoretical Occupancy': {'unit': '%', 'value': 41.67}, 'Achieved Occupancy': {'unit': '%', 'value': 40.21}, 'Achieved Active Warps Per SM': {'unit': 'warp', 'value': 19.3}, '------------------------------- ----------- ------------': {'unit': '', 'value': ''}}, 'GPU and Memory Workload Distribution': {'Average DRAM Active Cycles': {'unit': 'cycle', 'value': 1719857.33}, 'Total DRAM Elapsed Cycles': {'unit': 'cycle', 'value': 361455616.0}, 'Average L1 Active Cycles': {'unit': 'cycle', 'value': 6476714.87}, 'Total L1 Elapsed Cycles': {'unit': 'cycle', 'value': 831769538.0}, 'Average L2 Active Cycles': {'unit': 'cycle', 'value': 5397861.64}, 'Total L2 Elapsed Cycles': {'unit': 'cycle', 'value': 207966780.0}, 'Average SM Active Cycles': {'unit': 'cycle', 'value': 6476714.87}, 'Total SM Elapsed Cycles': {'unit': 'cycle', 'value': 831769538.0}, 'Average SMSP Active Cycles': {'unit': 'cycle', 'value': 6476659.34}, 'Total SMSP Elapsed Cycles': {'unit': '', 'value': 'cycle 3,327,078,152'}, '-------------------------- ----------- -------------': {'unit': '', 'value': ''}}}, 'advice': {'INF': ['This workload is utilizing greater than 80.0% of the available compute or memory performance of the device. To further improve performance, work will likely need to be shifted from the most utilized to another unit. Start by analyzing workloads in the Compute Workload Analysis section.'], 'OPT': ["Est. Local Speedup: 58.33% The 5.00 theoretical warps per scheduler this kernel can issue according to its occupancy are below the hardware maximum of 12. This kernel's theoretical occupancy (41.7%) is limited by the number of required registers."]}}, 'last_passed_src': 'import math\nimport torch\nimport torch.nn as nn\nfrom torch.utils.cpp_extension import load_inline\n\ncpp_decl = r"""\n#include <torch/extension.h>\ntorch::Tensor conv2d_forward(torch::Tensor x,\n                             torch::Tensor w,\n                             c10::optional<torch::Tensor> b,\n                             int64_t stride,\n                             int64_t padding);\n"""\n\ncuda_src = r"""\n#include <torch/extension.h>\n#include <cuda_runtime.h>\n#include <c10/cuda/CUDAStream.h>\n\n#include <cute/tensor.hpp>\n\nusing namespace cute;\n\n// Cooperative tiled Conv2d forward (stride>=1, symmetric padding, dilation=1).\n// Each block handles CTile output channels x (Threads*PVec) output positions\n// of one image. Weights are staged into shared memory in chunks via CuTe\n// tensors, inputs are read through CuTe global tensors (heavy reuse via L1),\n// and each loaded input value feeds CTile FMAs.\ntemplate <typename T>\n__global__ void conv2d_tiled_kernel(\n    const T* __restrict__ X,\n    const T* __restrict__ W,\n    const T* __restrict__ B,\n    T* __restrict__ Y,\n    int N, int Cin, int H, int Win,\n    int Cout, int Kh, int Kw,\n    int stride, int padding,\n    int Hout, int Wout)\n{\n  constexpr int Threads    = 128;\n  constexpr int PVec       = 4;\n  constexpr int CTile      = 8;\n  constexpr int KChunk     = 64;\n\n  const int tid    = threadIdx.x;\n  const int n      = blockIdx.z;\n  const int c_base = blockIdx.y * CTile;\n\n  const int P_total = Hout * Wout;\n  const int PTile   = Threads * PVec;\n  const int p_block = blockIdx.x * PTile;\n\n  const int Ktot = Cin * Kh * Kw;   // flattened reduction dim (ic, kh, kw)\n  const int Khw  = Kh * Kw;\n\n  // Global memory strides\n  const int64_t sXn = (int64_t)Cin * H * Win;\n  const int64_t sXc = (int64_t)H * Win;\n  const int64_t sXh = (int64_t)Win;\n\n  const int64_t sYn = (int64_t)Cout * Hout * Wout;\n  const int64_t sYc = (int64_t)Hout * Wout;\n  const int64_t sYh = (int64_t)Wout;\n\n  // CuTe tensors over global memory (per-image views)\n  auto mX = make_tensor(\n      make_gmem_ptr(X + (int64_t)n * sXn),\n      make_shape(Cin, H, Win),\n      make_stride(sXc, sXh, Int<1>{})\n  );\n\n  auto mY = make_tensor(\n      make_gmem_ptr(Y + (int64_t)n * sYn),\n      make_shape(Cout, Hout, Wout),\n      make_stride(sYc, sYh, Int<1>{})\n  );\n\n  // Weight viewed as (Cout, Ktot) row-major\n  auto mW = make_tensor(\n      make_gmem_ptr(W),\n      make_shape(Cout, Ktot),\n      make_stride(Ktot, Int<1>{})\n  );\n\n  // Shared-memory weight chunk [CTile, KChunk]\n  __shared__ T sW_raw[CTile * KChunk];\n  auto sW = make_tensor(\n      make_smem_ptr(sW_raw),\n      make_shape(Int<CTile>{}, Int<KChunk>{}),\n      make_stride(Int<KChunk>{}, Int<1>{})\n  );\n\n  // Per-thread output positions and precomputed base input coords\n  int  p_idx[PVec];\n  int  oh_arr[PVec];\n  int  ow_arr[PVec];\n  int  ih0_arr[PVec];\n  int  iw0_arr[PVec];\n  bool valid[PVec];\n\n  #pragma unroll\n  for (int i = 0; i < PVec; ++i) {\n    int p = p_block + tid + i * Threads;\n    p_idx[i] = p;\n    if (p < P_total) {\n      int oh = p / Wout;\n      int ow = p - oh * Wout;\n      oh_arr[i]  = oh;\n      ow_arr[i]  = ow;\n      ih0_arr[i] = oh * stride - padding;\n      iw0_arr[i] = ow * stride - padding;\n      valid[i]   = true;\n    } else {\n      oh_arr[i]  = 0;\n      ow_arr[i]  = 0;\n      ih0_arr[i] = 0;\n      iw0_arr[i] = 0;\n      valid[i]   = false;\n    }\n  }\n\n  // Accumulators initialized with bias (or zero)\n  float acc[CTile][PVec];\n  #pragma unroll\n  for (int cc = 0; cc < CTile; ++cc) {\n    int c = c_base + cc;\n    float bval = 0.0f;\n    if (B != nullptr && c < Cout) {\n      bval = (float)B[c];\n    }\n    #pragma unroll\n    for (int i = 0; i < PVec; ++i) {\n      acc[cc][i] = bval;\n    }\n  }\n\n  // Main loop over reduction dimension in chunks of KChunk\n  for (int k0 = 0; k0 < Ktot; k0 += KChunk) {\n    const int kmax = min(KChunk, Ktot - k0);\n\n    // Cooperatively stage the weight chunk into shared memory\n    for (int kk = tid; kk < KChunk; kk += Threads) {\n      int kg = k0 + kk;\n      #pragma unroll\n      for (int cc = 0; cc < CTile; ++cc) {\n        int c = c_base + cc;\n        T wv = T(0);\n        if (c < Cout && kg < Ktot) {\n          wv = mW(c, kg);\n        }\n        sW(cc, kk) = wv;\n      }\n    }\n    __syncthreads();\n\n    // Compute on this chunk\n    for (int kk = 0; kk < kmax; ++kk) {\n      int kg  = k0 + kk;\n      int ic  = kg / Khw;\n      int rem = kg - ic * Khw;\n      int kh  = rem / Kw;\n      int kw  = rem - kh * Kw;\n\n      #pragma unroll\n      for (int i = 0; i < PVec; ++i) {\n        if (!valid[i]) continue;\n\n        int ih = ih0_arr[i] + kh;\n        int iw = iw0_arr[i] + kw;\n        if ((unsigned)ih >= (unsigned)H) continue;\n        if ((unsigned)iw >= (unsigned)Win) continue;\n\n        float xv = (float)mX(ic, ih, iw);\n\n        #pragma unroll\n        for (int cc = 0; cc < CTile; ++cc) {\n          acc[cc][i] += xv * (float)sW(cc, kk);\n        }\n      }\n    }\n    __syncthreads();\n  }\n\n  // Epilogue: write results\n  #pragma unroll\n  for (int cc = 0; cc < CTile; ++cc) {\n    int c = c_base + cc;\n    if (c >= Cout) continue;\n\n    #pragma unroll\n    for (int i = 0; i < PVec; ++i) {\n      if (!valid[i]) continue;\n      mY(c, oh_arr[i], ow_arr[i]) = static_cast<T>(acc[cc][i]);\n    }\n  }\n}\n\ntorch::Tensor conv2d_forward(torch::Tensor x,\n                             torch::Tensor w,\n                             c10::optional<torch::Tensor> b,\n                             int64_t stride,\n                             int64_t padding) {\n  TORCH_CHECK(x.is_cuda(), "x must be CUDA");\n  TORCH_CHECK(w.is_cuda(), "w must be CUDA");\n  if (b.has_value()) TORCH_CHECK(b.value().is_cuda(), "bias must be CUDA if provided");\n\n  TORCH_CHECK(x.scalar_type() == at::kFloat, "x must be float32");\n  TORCH_CHECK(w.scalar_type() == at::kFloat, "w must be float32");\n  if (b.has_value()) {\n    TORCH_CHECK(b.value().scalar_type() == at::kFloat, "bias must be float32");\n  }\n\n  TORCH_CHECK(x.dim() == 4, "x must be [N, Cin, H, W]");\n  TORCH_CHECK(w.dim() == 4, "w must be [Cout, Cin, Kh, Kw]");\n  TORCH_CHECK(stride > 0, "stride must be > 0");\n  TORCH_CHECK(padding >= 0, "padding must be >= 0");\n\n  const int64_t N    = x.size(0);\n  const int64_t Cin  = x.size(1);\n  const int64_t H    = x.size(2);\n  const int64_t Win  = x.size(3);\n\n  const int64_t Cout = w.size(0);\n  const int64_t Kh   = w.size(2);\n  const int64_t Kw   = w.size(3);\n\n  TORCH_CHECK(w.size(1) == Cin, "w.size(1) must equal x.size(1)");\n\n  const int64_t Hout = (H + 2 * padding - Kh) / stride + 1;\n  const int64_t Wout = (Win + 2 * padding - Kw) / stride + 1;\n  TORCH_CHECK(Hout > 0 && Wout > 0, "Invalid output size computed");\n\n  auto x_c = x.contiguous();\n  auto w_c = w.contiguous();\n\n  torch::Tensor b_c;\n  const float* b_ptr = nullptr;\n  if (b.has_value()) {\n    b_c = b.value().contiguous();\n    TORCH_CHECK(b_c.dim() == 1 && b_c.size(0) == Cout, "bias must be [Cout]");\n    b_ptr = b_c.data_ptr<float>();\n  }\n\n  auto y = torch::empty({N, Cout, Hout, Wout}, x.options());\n\n  constexpr int Threads = 128;\n  constexpr int PVec    = 4;\n  constexpr int CTile   = 8;\n\n  const int64_t P_total = Hout * Wout;\n  const int64_t PTile   = Threads * PVec;\n\n  dim3 block(Threads);\n  dim3 grid(\n      (unsigned)((P_total + PTile - 1) / PTile),\n      (unsigned)((Cout + CTile - 1) / CTile),\n      (unsigned)N\n  );\n\n  cudaStream_t stream = c10::cuda::getCurrentCUDAStream().stream();\n\n  conv2d_tiled_kernel<float><<<grid, block, 0, stream>>>(\n      x_c.data_ptr<float>(),\n      w_c.data_ptr<float>(),\n      b_ptr,\n      y.data_ptr<float>(),\n      (int)N, (int)Cin, (int)H, (int)Win,\n      (int)Cout, (int)Kh, (int)Kw,\n      (int)stride, (int)padding,\n      (int)Hout, (int)Wout\n  );\n\n  auto err = cudaGetLastError();\n  TORCH_CHECK(err == cudaSuccess, "conv2d_tiled_kernel launch failed: ",\n              cudaGetErrorString(err));\n\n  return y;\n}\n"""\n\nconv2d_ext = load_inline(\n    name="cute_conv2d_k11s4_ext",\n    cpp_sources=cpp_decl,\n    cuda_sources=cuda_src,\n    functions=["conv2d_forward"],\n    extra_cflags=["-O3"],\n    extra_cuda_cflags=["-O3"],\n    extra_include_paths=[\n        "/home/tarasaba/PycharmProjects/cutegen_test/cutegen/cutlass/include",\n        "/home/tarasaba/PycharmProjects/cutegen_test/cutegen/cutlass/include/cute/",\n    ],\n    verbose=False,\n)\n\n\nclass ModelNew(nn.Module):\n    """\n    Conv2d(3 -> 96, kernel_size=11, stride=4, padding=2) implemented with a\n    single cooperative tiled CuTe/CUDA kernel.\n    """\n    def __init__(self, num_classes=1000):\n        super(ModelNew, self).__init__()\n        # Parameters stored in a standard Conv2d module (state_dict compatible),\n        # but forward() runs entirely on the custom CuTe kernel.\n        self.conv1 = nn.Conv2d(in_channels=3, out_channels=96, kernel_size=11,\n                               stride=4, padding=2)\n        self._ext = conv2d_ext\n\n    def forward(self, x):\n        return self._ext.conv2d_forward(\n            x,\n            self.conv1.weight,\n            self.conv1.bias,\n            int(self.conv1.stride[0]),\n            int(self.conv1.padding[0]),\n        )', 'last_passed_depth': 0, 'retries_by_depth': {}, 'previous_src_time': {'mean': 2.53, 'std': 0.132, 'min': 2.41, 'max': 3.03, 'num_trials': 100}, 'best_passed_src': 'import math\nimport torch\nimport torch.nn as nn\nfrom torch.utils.cpp_extension import load_inline\n\ncpp_decl = r"""\n#include <torch/extension.h>\ntorch::Tensor conv2d_forward(torch::Tensor x,\n                             torch::Tensor w,\n                             c10::optional<torch::Tensor> b,\n                             int64_t stride,\n                             int64_t padding);\n"""\n\ncuda_src = r"""\n#include <torch/extension.h>\n#include <cuda_runtime.h>\n#include <c10/cuda/CUDAStream.h>\n\n#include <cute/tensor.hpp>\n\nusing namespace cute;\n\n// Cooperative tiled Conv2d forward (stride>=1, symmetric padding, dilation=1).\n// Each block handles CTile output channels x (Threads*PVec) output positions\n// of one image. Weights are staged into shared memory in chunks via CuTe\n// tensors, inputs are read through CuTe global tensors (heavy reuse via L1),\n// and each loaded input value feeds CTile FMAs.\ntemplate <typename T>\n__global__ void conv2d_tiled_kernel(\n    const T* __restrict__ X,\n    const T* __restrict__ W,\n    const T* __restrict__ B,\n    T* __restrict__ Y,\n    int N, int Cin, int H, int Win,\n    int Cout, int Kh, int Kw,\n    int stride, int padding,\n    int Hout, int Wout)\n{\n  constexpr int Threads    = 128;\n  constexpr int PVec       = 4;\n  constexpr int CTile      = 8;\n  constexpr int KChunk     = 64;\n\n  const int tid    = threadIdx.x;\n  const int n      = blockIdx.z;\n  const int c_base = blockIdx.y * CTile;\n\n  const int P_total = Hout * Wout;\n  const int PTile   = Threads * PVec;\n  const int p_block = blockIdx.x * PTile;\n\n  const int Ktot = Cin * Kh * Kw;   // flattened reduction dim (ic, kh, kw)\n  const int Khw  = Kh * Kw;\n\n  // Global memory strides\n  const int64_t sXn = (int64_t)Cin * H * Win;\n  const int64_t sXc = (int64_t)H * Win;\n  const int64_t sXh = (int64_t)Win;\n\n  const int64_t sYn = (int64_t)Cout * Hout * Wout;\n  const int64_t sYc = (int64_t)Hout * Wout;\n  const int64_t sYh = (int64_t)Wout;\n\n  // CuTe tensors over global memory (per-image views)\n  auto mX = make_tensor(\n      make_gmem_ptr(X + (int64_t)n * sXn),\n      make_shape(Cin, H, Win),\n      make_stride(sXc, sXh, Int<1>{})\n  );\n\n  auto mY = make_tensor(\n      make_gmem_ptr(Y + (int64_t)n * sYn),\n      make_shape(Cout, Hout, Wout),\n      make_stride(sYc, sYh, Int<1>{})\n  );\n\n  // Weight viewed as (Cout, Ktot) row-major\n  auto mW = make_tensor(\n      make_gmem_ptr(W),\n      make_shape(Cout, Ktot),\n      make_stride(Ktot, Int<1>{})\n  );\n\n  // Shared-memory weight chunk [CTile, KChunk]\n  __shared__ T sW_raw[CTile * KChunk];\n  auto sW = make_tensor(\n      make_smem_ptr(sW_raw),\n      make_shape(Int<CTile>{}, Int<KChunk>{}),\n      make_stride(Int<KChunk>{}, Int<1>{})\n  );\n\n  // Per-thread output positions and precomputed base input coords\n  int  p_idx[PVec];\n  int  oh_arr[PVec];\n  int  ow_arr[PVec];\n  int  ih0_arr[PVec];\n  int  iw0_arr[PVec];\n  bool valid[PVec];\n\n  #pragma unroll\n  for (int i = 0; i < PVec; ++i) {\n    int p = p_block + tid + i * Threads;\n    p_idx[i] = p;\n    if (p < P_total) {\n      int oh = p / Wout;\n      int ow = p - oh * Wout;\n      oh_arr[i]  = oh;\n      ow_arr[i]  = ow;\n      ih0_arr[i] = oh * stride - padding;\n      iw0_arr[i] = ow * stride - padding;\n      valid[i]   = true;\n    } else {\n      oh_arr[i]  = 0;\n      ow_arr[i]  = 0;\n      ih0_arr[i] = 0;\n      iw0_arr[i] = 0;\n      valid[i]   = false;\n    }\n  }\n\n  // Accumulators initialized with bias (or zero)\n  float acc[CTile][PVec];\n  #pragma unroll\n  for (int cc = 0; cc < CTile; ++cc) {\n    int c = c_base + cc;\n    float bval = 0.0f;\n    if (B != nullptr && c < Cout) {\n      bval = (float)B[c];\n    }\n    #pragma unroll\n    for (int i = 0; i < PVec; ++i) {\n      acc[cc][i] = bval;\n    }\n  }\n\n  // Main loop over reduction dimension in chunks of KChunk\n  for (int k0 = 0; k0 < Ktot; k0 += KChunk) {\n    const int kmax = min(KChunk, Ktot - k0);\n\n    // Cooperatively stage the weight chunk into shared memory\n    for (int kk = tid; kk < KChunk; kk += Threads) {\n      int kg = k0 + kk;\n      #pragma unroll\n      for (int cc = 0; cc < CTile; ++cc) {\n        int c = c_base + cc;\n        T wv = T(0);\n        if (c < Cout && kg < Ktot) {\n          wv = mW(c, kg);\n        }\n        sW(cc, kk) = wv;\n      }\n    }\n    __syncthreads();\n\n    // Compute on this chunk\n    for (int kk = 0; kk < kmax; ++kk) {\n      int kg  = k0 + kk;\n      int ic  = kg / Khw;\n      int rem = kg - ic * Khw;\n      int kh  = rem / Kw;\n      int kw  = rem - kh * Kw;\n\n      #pragma unroll\n      for (int i = 0; i < PVec; ++i) {\n        if (!valid[i]) continue;\n\n        int ih = ih0_arr[i] + kh;\n        int iw = iw0_arr[i] + kw;\n        if ((unsigned)ih >= (unsigned)H) continue;\n        if ((unsigned)iw >= (unsigned)Win) continue;\n\n        float xv = (float)mX(ic, ih, iw);\n\n        #pragma unroll\n        for (int cc = 0; cc < CTile; ++cc) {\n          acc[cc][i] += xv * (float)sW(cc, kk);\n        }\n      }\n    }\n    __syncthreads();\n  }\n\n  // Epilogue: write results\n  #pragma unroll\n  for (int cc = 0; cc < CTile; ++cc) {\n    int c = c_base + cc;\n    if (c >= Cout) continue;\n\n    #pragma unroll\n    for (int i = 0; i < PVec; ++i) {\n      if (!valid[i]) continue;\n      mY(c, oh_arr[i], ow_arr[i]) = static_cast<T>(acc[cc][i]);\n    }\n  }\n}\n\ntorch::Tensor conv2d_forward(torch::Tensor x,\n                             torch::Tensor w,\n                             c10::optional<torch::Tensor> b,\n                             int64_t stride,\n                             int64_t padding) {\n  TORCH_CHECK(x.is_cuda(), "x must be CUDA");\n  TORCH_CHECK(w.is_cuda(), "w must be CUDA");\n  if (b.has_value()) TORCH_CHECK(b.value().is_cuda(), "bias must be CUDA if provided");\n\n  TORCH_CHECK(x.scalar_type() == at::kFloat, "x must be float32");\n  TORCH_CHECK(w.scalar_type() == at::kFloat, "w must be float32");\n  if (b.has_value()) {\n    TORCH_CHECK(b.value().scalar_type() == at::kFloat, "bias must be float32");\n  }\n\n  TORCH_CHECK(x.dim() == 4, "x must be [N, Cin, H, W]");\n  TORCH_CHECK(w.dim() == 4, "w must be [Cout, Cin, Kh, Kw]");\n  TORCH_CHECK(stride > 0, "stride must be > 0");\n  TORCH_CHECK(padding >= 0, "padding must be >= 0");\n\n  const int64_t N    = x.size(0);\n  const int64_t Cin  = x.size(1);\n  const int64_t H    = x.size(2);\n  const int64_t Win  = x.size(3);\n\n  const int64_t Cout = w.size(0);\n  const int64_t Kh   = w.size(2);\n  const int64_t Kw   = w.size(3);\n\n  TORCH_CHECK(w.size(1) == Cin, "w.size(1) must equal x.size(1)");\n\n  const int64_t Hout = (H + 2 * padding - Kh) / stride + 1;\n  const int64_t Wout = (Win + 2 * padding - Kw) / stride + 1;\n  TORCH_CHECK(Hout > 0 && Wout > 0, "Invalid output size computed");\n\n  auto x_c = x.contiguous();\n  auto w_c = w.contiguous();\n\n  torch::Tensor b_c;\n  const float* b_ptr = nullptr;\n  if (b.has_value()) {\n    b_c = b.value().contiguous();\n    TORCH_CHECK(b_c.dim() == 1 && b_c.size(0) == Cout, "bias must be [Cout]");\n    b_ptr = b_c.data_ptr<float>();\n  }\n\n  auto y = torch::empty({N, Cout, Hout, Wout}, x.options());\n\n  constexpr int Threads = 128;\n  constexpr int PVec    = 4;\n  constexpr int CTile   = 8;\n\n  const int64_t P_total = Hout * Wout;\n  const int64_t PTile   = Threads * PVec;\n\n  dim3 block(Threads);\n  dim3 grid(\n      (unsigned)((P_total + PTile - 1) / PTile),\n      (unsigned)((Cout + CTile - 1) / CTile),\n      (unsigned)N\n  );\n\n  cudaStream_t stream = c10::cuda::getCurrentCUDAStream().stream();\n\n  conv2d_tiled_kernel<float><<<grid, block, 0, stream>>>(\n      x_c.data_ptr<float>(),\n      w_c.data_ptr<float>(),\n      b_ptr,\n      y.data_ptr<float>(),\n      (int)N, (int)Cin, (int)H, (int)Win,\n      (int)Cout, (int)Kh, (int)Kw,\n      (int)stride, (int)padding,\n      (int)Hout, (int)Wout\n  );\n\n  auto err = cudaGetLastError();\n  TORCH_CHECK(err == cudaSuccess, "conv2d_tiled_kernel launch failed: ",\n              cudaGetErrorString(err));\n\n  return y;\n}\n"""\n\nconv2d_ext = load_inline(\n    name="cute_conv2d_k11s4_ext",\n    cpp_sources=cpp_decl,\n    cuda_sources=cuda_src,\n    functions=["conv2d_forward"],\n    extra_cflags=["-O3"],\n    extra_cuda_cflags=["-O3"],\n    extra_include_paths=[\n        "/home/tarasaba/PycharmProjects/cutegen_test/cutegen/cutlass/include",\n        "/home/tarasaba/PycharmProjects/cutegen_test/cutegen/cutlass/include/cute/",\n    ],\n    verbose=False,\n)\n\n\nclass ModelNew(nn.Module):\n    """\n    Conv2d(3 -> 96, kernel_size=11, stride=4, padding=2) implemented with a\n    single cooperative tiled CuTe/CUDA kernel.\n    """\n    def __init__(self, num_classes=1000):\n        super(ModelNew, self).__init__()\n        # Parameters stored in a standard Conv2d module (state_dict compatible),\n        # but forward() runs entirely on the custom CuTe kernel.\n        self.conv1 = nn.Conv2d(in_channels=3, out_channels=96, kernel_size=11,\n                               stride=4, padding=2)\n        self._ext = conv2d_ext\n\n    def forward(self, x):\n        return self._ext.conv2d_forward(\n            x,\n            self.conv1.weight,\n            self.conv1.bias,\n            int(self.conv1.stride[0]),\n            int(self.conv1.padding[0]),\n        )', 'best_passed_depth': 0, 'best_passed_time': {'mean': 2.53, 'std': 0.132, 'min': 2.41, 'max': 3.03, 'num_trials': 100}, 'best_passed_nsight_metrics': {'kernel': 'conv2d_tiled_kernel', 'config': {'block_size': 128.0, 'grid_size': 7200.0, 'registers_per_thread': 96.0, 'dynamic_smem_bytes': 0.0, 'static_smem_kb': 2.05, 'theoretical_occupancy_pct': 41.67, 'achieved_occupancy_pct': 40.21}, 'sections': {'GPU Speed Of Light Throughput': {'DRAM Frequency': {'unit': 'Ghz', 'value': 10.24}, 'SM Frequency': {'unit': 'Ghz', 'value': 2.23}, 'Elapsed Cycles': {'unit': 'cycle', 'value': 6569365.0}, 'Memory Throughput': {'unit': '%', 'value': 89.87}, 'DRAM Throughput': {'unit': '%', 'value': 5.71}, 'Duration': {'unit': 'ms', 'value': 2.94}, 'L1/TEX Cache Throughput': {'unit': '%', 'value': 90.16}, 'L2 Cache Throughput': {'unit': '%', 'value': 17.66}, 'SM Active Cycles': {'unit': '', 'value': 'cycle 6,476,714.87'}, 'Compute (SM) Throughput': {'unit': '%', 'value': 89.87}, '----------------------- ----------- ------------': {'unit': '', 'value': ''}}, 'Launch Statistics': {'Block Size': {'unit': '', 'value': 128.0}, 'Function Cache Configuration': {'unit': '', 'value': 'CachePreferNone'}, 'Grid Size': {'unit': '', 'value': 7200.0}, 'Registers Per Thread': {'unit': 'register/thread', 'value': 96.0}, 'Shared Memory Configuration Size': {'unit': 'Kbyte', 'value': 32.77}, 'Driver Shared Memory Per Block': {'unit': 'Kbyte/block', 'value': 1.02}, 'Dynamic Shared Memory Per Block': {'unit': 'byte/block', 'value': 0.0}, 'Static Shared Memory Per Block': {'unit': 'Kbyte/block', 'value': 2.05}, '# SMs': {'unit': 'SM', 'value': 128.0}, 'Stack Size': {'unit': '', 'value': 1024.0}, 'Threads': {'unit': 'thread', 'value': 921600.0}, '# TPCs': {'unit': '', 'value': 64.0}, 'Enabled TPC IDs': {'unit': '', 'value': 'all'}, 'Uses Green Context': {'unit': '', 'value': 0.0}, 'Waves Per SM': {'unit': '', 'value': 11.25}, '-------------------------------- --------------- ---------------': {'unit': '', 'value': ''}}, 'Occupancy': {'Block Limit SM': {'unit': 'block', 'value': 24.0}, 'Block Limit Registers': {'unit': 'block', 'value': 5.0}, 'Block Limit Shared Mem': {'unit': 'block', 'value': 10.0}, 'Block Limit Warps': {'unit': 'block', 'value': 12.0}, 'Theoretical Active Warps per SM': {'unit': 'warp', 'value': 20.0}, 'Theoretical Occupancy': {'unit': '%', 'value': 41.67}, 'Achieved Occupancy': {'unit': '%', 'value': 40.21}, 'Achieved Active Warps Per SM': {'unit': 'warp', 'value': 19.3}, '------------------------------- ----------- ------------': {'unit': '', 'value': ''}}, 'GPU and Memory Workload Distribution': {'Average DRAM Active Cycles': {'unit': 'cycle', 'value': 1719857.33}, 'Total DRAM Elapsed Cycles': {'unit': 'cycle', 'value': 361455616.0}, 'Average L1 Active Cycles': {'unit': 'cycle', 'value': 6476714.87}, 'Total L1 Elapsed Cycles': {'unit': 'cycle', 'value': 831769538.0}, 'Average L2 Active Cycles': {'unit': 'cycle', 'value': 5397861.64}, 'Total L2 Elapsed Cycles': {'unit': 'cycle', 'value': 207966780.0}, 'Average SM Active Cycles': {'unit': 'cycle', 'value': 6476714.87}, 'Total SM Elapsed Cycles': {'unit': 'cycle', 'value': 831769538.0}, 'Average SMSP Active Cycles': {'unit': 'cycle', 'value': 6476659.34}, 'Total SMSP Elapsed Cycles': {'unit': '', 'value': 'cycle 3,327,078,152'}, '-------------------------- ----------- -------------': {'unit': '', 'value': ''}}}, 'advice': {'INF': ['This workload is utilizing greater than 80.0% of the available compute or memory performance of the device. To further improve performance, work will likely need to be shifted from the most utilized to another unit. Start by analyzing workloads in the Compute Workload Analysis section.'], 'OPT': ["Est. Local Speedup: 58.33% The 5.00 theoretical warps per scheduler this kernel can issue according to its occupancy are below the hardware maximum of 12. This kernel's theoretical occupancy (41.7%) is limited by the number of required registers."]}}, 'compile': '', 'correct': ''}
Node 1_20260815-113911 compile: True. Metadata: {'prev_nsight_metrics': {'kernel': 'conv2d_tiled_kernel', 'config': {'block_size': 128.0, 'grid_size': 7200.0, 'registers_per_thread': 96.0, 'dynamic_smem_bytes': 0.0, 'static_smem_kb': 2.05, 'theoretical_occupancy_pct': 41.67, 'achieved_occupancy_pct': 40.21}, 'sections': {'GPU Speed Of Light Throughput': {'DRAM Frequency': {'unit': 'Ghz', 'value': 10.24}, 'SM Frequency': {'unit': 'Ghz', 'value': 2.23}, 'Elapsed Cycles': {'unit': 'cycle', 'value': 6569365.0}, 'Memory Throughput': {'unit': '%', 'value': 89.87}, 'DRAM Throughput': {'unit': '%', 'value': 5.71}, 'Duration': {'unit': 'ms', 'value': 2.94}, 'L1/TEX Cache Throughput': {'unit': '%', 'value': 90.16}, 'L2 Cache Throughput': {'unit': '%', 'value': 17.66}, 'SM Active Cycles': {'unit': '', 'value': 'cycle 6,476,714.87'}, 'Compute (SM) Throughput': {'unit': '%', 'value': 89.87}, '----------------------- ----------- ------------': {'unit': '', 'value': ''}}, 'Launch Statistics': {'Block Size': {'unit': '', 'value': 128.0}, 'Function Cache Configuration': {'unit': '', 'value': 'CachePreferNone'}, 'Grid Size': {'unit': '', 'value': 7200.0}, 'Registers Per Thread': {'unit': 'register/thread', 'value': 96.0}, 'Shared Memory Configuration Size': {'unit': 'Kbyte', 'value': 32.77}, 'Driver Shared Memory Per Block': {'unit': 'Kbyte/block', 'value': 1.02}, 'Dynamic Shared Memory Per Block': {'unit': 'byte/block', 'value': 0.0}, 'Static Shared Memory Per Block': {'unit': 'Kbyte/block', 'value': 2.05}, '# SMs': {'unit': 'SM', 'value': 128.0}, 'Stack Size': {'unit': '', 'value': 1024.0}, 'Threads': {'unit': 'thread', 'value': 921600.0}, '# TPCs': {'unit': '', 'value': 64.0}, 'Enabled TPC IDs': {'unit': '', 'value': 'all'}, 'Uses Green Context': {'unit': '', 'value': 0.0}, 'Waves Per SM': {'unit': '', 'value': 11.25}, '-------------------------------- --------------- ---------------': {'unit': '', 'value': ''}}, 'Occupancy': {'Block Limit SM': {'unit': 'block', 'value': 24.0}, 'Block Limit Registers': {'unit': 'block', 'value': 5.0}, 'Block Limit Shared Mem': {'unit': 'block', 'value': 10.0}, 'Block Limit Warps': {'unit': 'block', 'value': 12.0}, 'Theoretical Active Warps per SM': {'unit': 'warp', 'value': 20.0}, 'Theoretical Occupancy': {'unit': '%', 'value': 41.67}, 'Achieved Occupancy': {'unit': '%', 'value': 40.21}, 'Achieved Active Warps Per SM': {'unit': 'warp', 'value': 19.3}, '------------------------------- ----------- ------------': {'unit': '', 'value': ''}}, 'GPU and Memory Workload Distribution': {'Average DRAM Active Cycles': {'unit': 'cycle', 'value': 1719857.33}, 'Total DRAM Elapsed Cycles': {'unit': 'cycle', 'value': 361455616.0}, 'Average L1 Active Cycles': {'unit': 'cycle', 'value': 6476714.87}, 'Total L1 Elapsed Cycles': {'unit': 'cycle', 'value': 831769538.0}, 'Average L2 Active Cycles': {'unit': 'cycle', 'value': 5397861.64}, 'Total L2 Elapsed Cycles': {'unit': 'cycle', 'value': 207966780.0}, 'Average SM Active Cycles': {'unit': 'cycle', 'value': 6476714.87}, 'Total SM Elapsed Cycles': {'unit': 'cycle', 'value': 831769538.0}, 'Average SMSP Active Cycles': {'unit': 'cycle', 'value': 6476659.34}, 'Total SMSP Elapsed Cycles': {'unit': '', 'value': 'cycle 3,327,078,152'}, '-------------------------- ----------- -------------': {'unit': '', 'value': ''}}}, 'advice': {'INF': ['This workload is utilizing greater than 80.0% of the available compute or memory performance of the device. To further improve performance, work will likely need to be shifted from the most utilized to another unit. Start by analyzing workloads in the Compute Workload Analysis section.'], 'OPT': ["Est. Local Speedup: 58.33% The 5.00 theoretical warps per scheduler this kernel can issue according to its occupancy are below the hardware maximum of 12. This kernel's theoretical occupancy (41.7%) is limited by the number of required registers."]}}, 'last_passed_src': 'import math\nimport torch\nimport torch.nn as nn\nfrom torch.utils.cpp_extension import load_inline\n\ncpp_decl = r"""\n#include <torch/extension.h>\ntorch::Tensor conv2d_forward(torch::Tensor x,\n                             torch::Tensor w,\n                             c10::optional<torch::Tensor> b,\n                             int64_t stride,\n                             int64_t padding);\n"""\n\ncuda_src = r"""\n#include <torch/extension.h>\n#include <cuda_runtime.h>\n#include <c10/cuda/CUDAStream.h>\n\n#include <cute/tensor.hpp>\n\nusing namespace cute;\n\n// Cooperative tiled Conv2d forward (stride>=1, symmetric padding, dilation=1).\n// Each block handles CTile output channels x (Threads*PVec) output positions\n// of one image. Weights are staged into shared memory in chunks via CuTe\n// tensors, inputs are read through CuTe global tensors (heavy reuse via L1),\n// and each loaded input value feeds CTile FMAs.\ntemplate <typename T>\n__global__ void conv2d_tiled_kernel(\n    const T* __restrict__ X,\n    const T* __restrict__ W,\n    const T* __restrict__ B,\n    T* __restrict__ Y,\n    int N, int Cin, int H, int Win,\n    int Cout, int Kh, int Kw,\n    int stride, int padding,\n    int Hout, int Wout)\n{\n  constexpr int Threads    = 128;\n  constexpr int PVec       = 4;\n  constexpr int CTile      = 8;\n  constexpr int KChunk     = 64;\n\n  const int tid    = threadIdx.x;\n  const int n      = blockIdx.z;\n  const int c_base = blockIdx.y * CTile;\n\n  const int P_total = Hout * Wout;\n  const int PTile   = Threads * PVec;\n  const int p_block = blockIdx.x * PTile;\n\n  const int Ktot = Cin * Kh * Kw;   // flattened reduction dim (ic, kh, kw)\n  const int Khw  = Kh * Kw;\n\n  // Global memory strides\n  const int64_t sXn = (int64_t)Cin * H * Win;\n  const int64_t sXc = (int64_t)H * Win;\n  const int64_t sXh = (int64_t)Win;\n\n  const int64_t sYn = (int64_t)Cout * Hout * Wout;\n  const int64_t sYc = (int64_t)Hout * Wout;\n  const int64_t sYh = (int64_t)Wout;\n\n  // CuTe tensors over global memory (per-image views)\n  auto mX = make_tensor(\n      make_gmem_ptr(X + (int64_t)n * sXn),\n      make_shape(Cin, H, Win),\n      make_stride(sXc, sXh, Int<1>{})\n  );\n\n  auto mY = make_tensor(\n      make_gmem_ptr(Y + (int64_t)n * sYn),\n      make_shape(Cout, Hout, Wout),\n      make_stride(sYc, sYh, Int<1>{})\n  );\n\n  // Weight viewed as (Cout, Ktot) row-major\n  auto mW = make_tensor(\n      make_gmem_ptr(W),\n      make_shape(Cout, Ktot),\n      make_stride(Ktot, Int<1>{})\n  );\n\n  // Shared-memory weight chunk [CTile, KChunk]\n  __shared__ T sW_raw[CTile * KChunk];\n  auto sW = make_tensor(\n      make_smem_ptr(sW_raw),\n      make_shape(Int<CTile>{}, Int<KChunk>{}),\n      make_stride(Int<KChunk>{}, Int<1>{})\n  );\n\n  // Per-thread output positions and precomputed base input coords\n  int  p_idx[PVec];\n  int  oh_arr[PVec];\n  int  ow_arr[PVec];\n  int  ih0_arr[PVec];\n  int  iw0_arr[PVec];\n  bool valid[PVec];\n\n  #pragma unroll\n  for (int i = 0; i < PVec; ++i) {\n    int p = p_block + tid + i * Threads;\n    p_idx[i] = p;\n    if (p < P_total) {\n      int oh = p / Wout;\n      int ow = p - oh * Wout;\n      oh_arr[i]  = oh;\n      ow_arr[i]  = ow;\n      ih0_arr[i] = oh * stride - padding;\n      iw0_arr[i] = ow * stride - padding;\n      valid[i]   = true;\n    } else {\n      oh_arr[i]  = 0;\n      ow_arr[i]  = 0;\n      ih0_arr[i] = 0;\n      iw0_arr[i] = 0;\n      valid[i]   = false;\n    }\n  }\n\n  // Accumulators initialized with bias (or zero)\n  float acc[CTile][PVec];\n  #pragma unroll\n  for (int cc = 0; cc < CTile; ++cc) {\n    int c = c_base + cc;\n    float bval = 0.0f;\n    if (B != nullptr && c < Cout) {\n      bval = (float)B[c];\n    }\n    #pragma unroll\n    for (int i = 0; i < PVec; ++i) {\n      acc[cc][i] = bval;\n    }\n  }\n\n  // Main loop over reduction dimension in chunks of KChunk\n  for (int k0 = 0; k0 < Ktot; k0 += KChunk) {\n    const int kmax = min(KChunk, Ktot - k0);\n\n    // Cooperatively stage the weight chunk into shared memory\n    for (int kk = tid; kk < KChunk; kk += Threads) {\n      int kg = k0 + kk;\n      #pragma unroll\n      for (int cc = 0; cc < CTile; ++cc) {\n        int c = c_base + cc;\n        T wv = T(0);\n        if (c < Cout && kg < Ktot) {\n          wv = mW(c, kg);\n        }\n        sW(cc, kk) = wv;\n      }\n    }\n    __syncthreads();\n\n    // Compute on this chunk\n    for (int kk = 0; kk < kmax; ++kk) {\n      int kg  = k0 + kk;\n      int ic  = kg / Khw;\n      int rem = kg - ic * Khw;\n      int kh  = rem / Kw;\n      int kw  = rem - kh * Kw;\n\n      #pragma unroll\n      for (int i = 0; i < PVec; ++i) {\n        if (!valid[i]) continue;\n\n        int ih = ih0_arr[i] + kh;\n        int iw = iw0_arr[i] + kw;\n        if ((unsigned)ih >= (unsigned)H) continue;\n        if ((unsigned)iw >= (unsigned)Win) continue;\n\n        float xv = (float)mX(ic, ih, iw);\n\n        #pragma unroll\n        for (int cc = 0; cc < CTile; ++cc) {\n          acc[cc][i] += xv * (float)sW(cc, kk);\n        }\n      }\n    }\n    __syncthreads();\n  }\n\n  // Epilogue: write results\n  #pragma unroll\n  for (int cc = 0; cc < CTile; ++cc) {\n    int c = c_base + cc;\n    if (c >= Cout) continue;\n\n    #pragma unroll\n    for (int i = 0; i < PVec; ++i) {\n      if (!valid[i]) continue;\n      mY(c, oh_arr[i], ow_arr[i]) = static_cast<T>(acc[cc][i]);\n    }\n  }\n}\n\ntorch::Tensor conv2d_forward(torch::Tensor x,\n                             torch::Tensor w,\n                             c10::optional<torch::Tensor> b,\n                             int64_t stride,\n                             int64_t padding) {\n  TORCH_CHECK(x.is_cuda(), "x must be CUDA");\n  TORCH_CHECK(w.is_cuda(), "w must be CUDA");\n  if (b.has_value()) TORCH_CHECK(b.value().is_cuda(), "bias must be CUDA if provided");\n\n  TORCH_CHECK(x.scalar_type() == at::kFloat, "x must be float32");\n  TORCH_CHECK(w.scalar_type() == at::kFloat, "w must be float32");\n  if (b.has_value()) {\n    TORCH_CHECK(b.value().scalar_type() == at::kFloat, "bias must be float32");\n  }\n\n  TORCH_CHECK(x.dim() == 4, "x must be [N, Cin, H, W]");\n  TORCH_CHECK(w.dim() == 4, "w must be [Cout, Cin, Kh, Kw]");\n  TORCH_CHECK(stride > 0, "stride must be > 0");\n  TORCH_CHECK(padding >= 0, "padding must be >= 0");\n\n  const int64_t N    = x.size(0);\n  const int64_t Cin  = x.size(1);\n  const int64_t H    = x.size(2);\n  const int64_t Win  = x.size(3);\n\n  const int64_t Cout = w.size(0);\n  const int64_t Kh   = w.size(2);\n  const int64_t Kw   = w.size(3);\n\n  TORCH_CHECK(w.size(1) == Cin, "w.size(1) must equal x.size(1)");\n\n  const int64_t Hout = (H + 2 * padding - Kh) / stride + 1;\n  const int64_t Wout = (Win + 2 * padding - Kw) / stride + 1;\n  TORCH_CHECK(Hout > 0 && Wout > 0, "Invalid output size computed");\n\n  auto x_c = x.contiguous();\n  auto w_c = w.contiguous();\n\n  torch::Tensor b_c;\n  const float* b_ptr = nullptr;\n  if (b.has_value()) {\n    b_c = b.value().contiguous();\n    TORCH_CHECK(b_c.dim() == 1 && b_c.size(0) == Cout, "bias must be [Cout]");\n    b_ptr = b_c.data_ptr<float>();\n  }\n\n  auto y = torch::empty({N, Cout, Hout, Wout}, x.options());\n\n  constexpr int Threads = 128;\n  constexpr int PVec    = 4;\n  constexpr int CTile   = 8;\n\n  const int64_t P_total = Hout * Wout;\n  const int64_t PTile   = Threads * PVec;\n\n  dim3 block(Threads);\n  dim3 grid(\n      (unsigned)((P_total + PTile - 1) / PTile),\n      (unsigned)((Cout + CTile - 1) / CTile),\n      (unsigned)N\n  );\n\n  cudaStream_t stream = c10::cuda::getCurrentCUDAStream().stream();\n\n  conv2d_tiled_kernel<float><<<grid, block, 0, stream>>>(\n      x_c.data_ptr<float>(),\n      w_c.data_ptr<float>(),\n      b_ptr,\n      y.data_ptr<float>(),\n      (int)N, (int)Cin, (int)H, (int)Win,\n      (int)Cout, (int)Kh, (int)Kw,\n      (int)stride, (int)padding,\n      (int)Hout, (int)Wout\n  );\n\n  auto err = cudaGetLastError();\n  TORCH_CHECK(err == cudaSuccess, "conv2d_tiled_kernel launch failed: ",\n              cudaGetErrorString(err));\n\n  return y;\n}\n"""\n\nconv2d_ext = load_inline(\n    name="cute_conv2d_k11s4_ext",\n    cpp_sources=cpp_decl,\n    cuda_sources=cuda_src,\n    functions=["conv2d_forward"],\n    extra_cflags=["-O3"],\n    extra_cuda_cflags=["-O3"],\n    extra_include_paths=[\n        "/home/tarasaba/PycharmProjects/cutegen_test/cutegen/cutlass/include",\n        "/home/tarasaba/PycharmProjects/cutegen_test/cutegen/cutlass/include/cute/",\n    ],\n    verbose=False,\n)\n\n\nclass ModelNew(nn.Module):\n    """\n    Conv2d(3 -> 96, kernel_size=11, stride=4, padding=2) implemented with a\n    single cooperative tiled CuTe/CUDA kernel.\n    """\n    def __init__(self, num_classes=1000):\n        super(ModelNew, self).__init__()\n        # Parameters stored in a standard Conv2d module (state_dict compatible),\n        # but forward() runs entirely on the custom CuTe kernel.\n        self.conv1 = nn.Conv2d(in_channels=3, out_channels=96, kernel_size=11,\n                               stride=4, padding=2)\n        self._ext = conv2d_ext\n\n    def forward(self, x):\n        return self._ext.conv2d_forward(\n            x,\n            self.conv1.weight,\n            self.conv1.bias,\n            int(self.conv1.stride[0]),\n            int(self.conv1.padding[0]),\n        )', 'last_passed_depth': 0, 'retries_by_depth': {}, 'previous_src_time': {'mean': 2.53, 'std': 0.132, 'min': 2.41, 'max': 3.03, 'num_trials': 100}, 'best_passed_src': 'import math\nimport torch\nimport torch.nn as nn\nfrom torch.utils.cpp_extension import load_inline\n\ncpp_decl = r"""\n#include <torch/extension.h>\ntorch::Tensor conv2d_forward(torch::Tensor x,\n                             torch::Tensor w,\n                             c10::optional<torch::Tensor> b,\n                             int64_t stride,\n                             int64_t padding);\n"""\n\ncuda_src = r"""\n#include <torch/extension.h>\n#include <cuda_runtime.h>\n#include <c10/cuda/CUDAStream.h>\n\n#include <cute/tensor.hpp>\n\nusing namespace cute;\n\n// Cooperative tiled Conv2d forward (stride>=1, symmetric padding, dilation=1).\n// Each block handles CTile output channels x (Threads*PVec) output positions\n// of one image. Weights are staged into shared memory in chunks via CuTe\n// tensors, inputs are read through CuTe global tensors (heavy reuse via L1),\n// and each loaded input value feeds CTile FMAs.\ntemplate <typename T>\n__global__ void conv2d_tiled_kernel(\n    const T* __restrict__ X,\n    const T* __restrict__ W,\n    const T* __restrict__ B,\n    T* __restrict__ Y,\n    int N, int Cin, int H, int Win,\n    int Cout, int Kh, int Kw,\n    int stride, int padding,\n    int Hout, int Wout)\n{\n  constexpr int Threads    = 128;\n  constexpr int PVec       = 4;\n  constexpr int CTile      = 8;\n  constexpr int KChunk     = 64;\n\n  const int tid    = threadIdx.x;\n  const int n      = blockIdx.z;\n  const int c_base = blockIdx.y * CTile;\n\n  const int P_total = Hout * Wout;\n  const int PTile   = Threads * PVec;\n  const int p_block = blockIdx.x * PTile;\n\n  const int Ktot = Cin * Kh * Kw;   // flattened reduction dim (ic, kh, kw)\n  const int Khw  = Kh * Kw;\n\n  // Global memory strides\n  const int64_t sXn = (int64_t)Cin * H * Win;\n  const int64_t sXc = (int64_t)H * Win;\n  const int64_t sXh = (int64_t)Win;\n\n  const int64_t sYn = (int64_t)Cout * Hout * Wout;\n  const int64_t sYc = (int64_t)Hout * Wout;\n  const int64_t sYh = (int64_t)Wout;\n\n  // CuTe tensors over global memory (per-image views)\n  auto mX = make_tensor(\n      make_gmem_ptr(X + (int64_t)n * sXn),\n      make_shape(Cin, H, Win),\n      make_stride(sXc, sXh, Int<1>{})\n  );\n\n  auto mY = make_tensor(\n      make_gmem_ptr(Y + (int64_t)n * sYn),\n      make_shape(Cout, Hout, Wout),\n      make_stride(sYc, sYh, Int<1>{})\n  );\n\n  // Weight viewed as (Cout, Ktot) row-major\n  auto mW = make_tensor(\n      make_gmem_ptr(W),\n      make_shape(Cout, Ktot),\n      make_stride(Ktot, Int<1>{})\n  );\n\n  // Shared-memory weight chunk [CTile, KChunk]\n  __shared__ T sW_raw[CTile * KChunk];\n  auto sW = make_tensor(\n      make_smem_ptr(sW_raw),\n      make_shape(Int<CTile>{}, Int<KChunk>{}),\n      make_stride(Int<KChunk>{}, Int<1>{})\n  );\n\n  // Per-thread output positions and precomputed base input coords\n  int  p_idx[PVec];\n  int  oh_arr[PVec];\n  int  ow_arr[PVec];\n  int  ih0_arr[PVec];\n  int  iw0_arr[PVec];\n  bool valid[PVec];\n\n  #pragma unroll\n  for (int i = 0; i < PVec; ++i) {\n    int p = p_block + tid + i * Threads;\n    p_idx[i] = p;\n    if (p < P_total) {\n      int oh = p / Wout;\n      int ow = p - oh * Wout;\n      oh_arr[i]  = oh;\n      ow_arr[i]  = ow;\n      ih0_arr[i] = oh * stride - padding;\n      iw0_arr[i] = ow * stride - padding;\n      valid[i]   = true;\n    } else {\n      oh_arr[i]  = 0;\n      ow_arr[i]  = 0;\n      ih0_arr[i] = 0;\n      iw0_arr[i] = 0;\n      valid[i]   = false;\n    }\n  }\n\n  // Accumulators initialized with bias (or zero)\n  float acc[CTile][PVec];\n  #pragma unroll\n  for (int cc = 0; cc < CTile; ++cc) {\n    int c = c_base + cc;\n    float bval = 0.0f;\n    if (B != nullptr && c < Cout) {\n      bval = (float)B[c];\n    }\n    #pragma unroll\n    for (int i = 0; i < PVec; ++i) {\n      acc[cc][i] = bval;\n    }\n  }\n\n  // Main loop over reduction dimension in chunks of KChunk\n  for (int k0 = 0; k0 < Ktot; k0 += KChunk) {\n    const int kmax = min(KChunk, Ktot - k0);\n\n    // Cooperatively stage the weight chunk into shared memory\n    for (int kk = tid; kk < KChunk; kk += Threads) {\n      int kg = k0 + kk;\n      #pragma unroll\n      for (int cc = 0; cc < CTile; ++cc) {\n        int c = c_base + cc;\n        T wv = T(0);\n        if (c < Cout && kg < Ktot) {\n          wv = mW(c, kg);\n        }\n        sW(cc, kk) = wv;\n      }\n    }\n    __syncthreads();\n\n    // Compute on this chunk\n    for (int kk = 0; kk < kmax; ++kk) {\n      int kg  = k0 + kk;\n      int ic  = kg / Khw;\n      int rem = kg - ic * Khw;\n      int kh  = rem / Kw;\n      int kw  = rem - kh * Kw;\n\n      #pragma unroll\n      for (int i = 0; i < PVec; ++i) {\n        if (!valid[i]) continue;\n\n        int ih = ih0_arr[i] + kh;\n        int iw = iw0_arr[i] + kw;\n        if ((unsigned)ih >= (unsigned)H) continue;\n        if ((unsigned)iw >= (unsigned)Win) continue;\n\n        float xv = (float)mX(ic, ih, iw);\n\n        #pragma unroll\n        for (int cc = 0; cc < CTile; ++cc) {\n          acc[cc][i] += xv * (float)sW(cc, kk);\n        }\n      }\n    }\n    __syncthreads();\n  }\n\n  // Epilogue: write results\n  #pragma unroll\n  for (int cc = 0; cc < CTile; ++cc) {\n    int c = c_base + cc;\n    if (c >= Cout) continue;\n\n    #pragma unroll\n    for (int i = 0; i < PVec; ++i) {\n      if (!valid[i]) continue;\n      mY(c, oh_arr[i], ow_arr[i]) = static_cast<T>(acc[cc][i]);\n    }\n  }\n}\n\ntorch::Tensor conv2d_forward(torch::Tensor x,\n                             torch::Tensor w,\n                             c10::optional<torch::Tensor> b,\n                             int64_t stride,\n                             int64_t padding) {\n  TORCH_CHECK(x.is_cuda(), "x must be CUDA");\n  TORCH_CHECK(w.is_cuda(), "w must be CUDA");\n  if (b.has_value()) TORCH_CHECK(b.value().is_cuda(), "bias must be CUDA if provided");\n\n  TORCH_CHECK(x.scalar_type() == at::kFloat, "x must be float32");\n  TORCH_CHECK(w.scalar_type() == at::kFloat, "w must be float32");\n  if (b.has_value()) {\n    TORCH_CHECK(b.value().scalar_type() == at::kFloat, "bias must be float32");\n  }\n\n  TORCH_CHECK(x.dim() == 4, "x must be [N, Cin, H, W]");\n  TORCH_CHECK(w.dim() == 4, "w must be [Cout, Cin, Kh, Kw]");\n  TORCH_CHECK(stride > 0, "stride must be > 0");\n  TORCH_CHECK(padding >= 0, "padding must be >= 0");\n\n  const int64_t N    = x.size(0);\n  const int64_t Cin  = x.size(1);\n  const int64_t H    = x.size(2);\n  const int64_t Win  = x.size(3);\n\n  const int64_t Cout = w.size(0);\n  const int64_t Kh   = w.size(2);\n  const int64_t Kw   = w.size(3);\n\n  TORCH_CHECK(w.size(1) == Cin, "w.size(1) must equal x.size(1)");\n\n  const int64_t Hout = (H + 2 * padding - Kh) / stride + 1;\n  const int64_t Wout = (Win + 2 * padding - Kw) / stride + 1;\n  TORCH_CHECK(Hout > 0 && Wout > 0, "Invalid output size computed");\n\n  auto x_c = x.contiguous();\n  auto w_c = w.contiguous();\n\n  torch::Tensor b_c;\n  const float* b_ptr = nullptr;\n  if (b.has_value()) {\n    b_c = b.value().contiguous();\n    TORCH_CHECK(b_c.dim() == 1 && b_c.size(0) == Cout, "bias must be [Cout]");\n    b_ptr = b_c.data_ptr<float>();\n  }\n\n  auto y = torch::empty({N, Cout, Hout, Wout}, x.options());\n\n  constexpr int Threads = 128;\n  constexpr int PVec    = 4;\n  constexpr int CTile   = 8;\n\n  const int64_t P_total = Hout * Wout;\n  const int64_t PTile   = Threads * PVec;\n\n  dim3 block(Threads);\n  dim3 grid(\n      (unsigned)((P_total + PTile - 1) / PTile),\n      (unsigned)((Cout + CTile - 1) / CTile),\n      (unsigned)N\n  );\n\n  cudaStream_t stream = c10::cuda::getCurrentCUDAStream().stream();\n\n  conv2d_tiled_kernel<float><<<grid, block, 0, stream>>>(\n      x_c.data_ptr<float>(),\n      w_c.data_ptr<float>(),\n      b_ptr,\n      y.data_ptr<float>(),\n      (int)N, (int)Cin, (int)H, (int)Win,\n      (int)Cout, (int)Kh, (int)Kw,\n      (int)stride, (int)padding,\n      (int)Hout, (int)Wout\n  );\n\n  auto err = cudaGetLastError();\n  TORCH_CHECK(err == cudaSuccess, "conv2d_tiled_kernel launch failed: ",\n              cudaGetErrorString(err));\n\n  return y;\n}\n"""\n\nconv2d_ext = load_inline(\n    name="cute_conv2d_k11s4_ext",\n    cpp_sources=cpp_decl,\n    cuda_sources=cuda_src,\n    functions=["conv2d_forward"],\n    extra_cflags=["-O3"],\n    extra_cuda_cflags=["-O3"],\n    extra_include_paths=[\n        "/home/tarasaba/PycharmProjects/cutegen_test/cutegen/cutlass/include",\n        "/home/tarasaba/PycharmProjects/cutegen_test/cutegen/cutlass/include/cute/",\n    ],\n    verbose=False,\n)\n\n\nclass ModelNew(nn.Module):\n    """\n    Conv2d(3 -> 96, kernel_size=11, stride=4, padding=2) implemented with a\n    single cooperative tiled CuTe/CUDA kernel.\n    """\n    def __init__(self, num_classes=1000):\n        super(ModelNew, self).__init__()\n        # Parameters stored in a standard Conv2d module (state_dict compatible),\n        # but forward() runs entirely on the custom CuTe kernel.\n        self.conv1 = nn.Conv2d(in_channels=3, out_channels=96, kernel_size=11,\n                               stride=4, padding=2)\n        self._ext = conv2d_ext\n\n    def forward(self, x):\n        return self._ext.conv2d_forward(\n            x,\n            self.conv1.weight,\n            self.conv1.bias,\n            int(self.conv1.stride[0]),\n            int(self.conv1.padding[0]),\n        )', 'best_passed_depth': 0, 'best_passed_time': {'mean': 2.53, 'std': 0.132, 'min': 2.41, 'max': 3.03, 'num_trials': 100}, 'best_passed_nsight_metrics': {'kernel': 'conv2d_tiled_kernel', 'config': {'block_size': 128.0, 'grid_size': 7200.0, 'registers_per_thread': 96.0, 'dynamic_smem_bytes': 0.0, 'static_smem_kb': 2.05, 'theoretical_occupancy_pct': 41.67, 'achieved_occupancy_pct': 40.21}, 'sections': {'GPU Speed Of Light Throughput': {'DRAM Frequency': {'unit': 'Ghz', 'value': 10.24}, 'SM Frequency': {'unit': 'Ghz', 'value': 2.23}, 'Elapsed Cycles': {'unit': 'cycle', 'value': 6569365.0}, 'Memory Throughput': {'unit': '%', 'value': 89.87}, 'DRAM Throughput': {'unit': '%', 'value': 5.71}, 'Duration': {'unit': 'ms', 'value': 2.94}, 'L1/TEX Cache Throughput': {'unit': '%', 'value': 90.16}, 'L2 Cache Throughput': {'unit': '%', 'value': 17.66}, 'SM Active Cycles': {'unit': '', 'value': 'cycle 6,476,714.87'}, 'Compute (SM) Throughput': {'unit': '%', 'value': 89.87}, '----------------------- ----------- ------------': {'unit': '', 'value': ''}}, 'Launch Statistics': {'Block Size': {'unit': '', 'value': 128.0}, 'Function Cache Configuration': {'unit': '', 'value': 'CachePreferNone'}, 'Grid Size': {'unit': '', 'value': 7200.0}, 'Registers Per Thread': {'unit': 'register/thread', 'value': 96.0}, 'Shared Memory Configuration Size': {'unit': 'Kbyte', 'value': 32.77}, 'Driver Shared Memory Per Block': {'unit': 'Kbyte/block', 'value': 1.02}, 'Dynamic Shared Memory Per Block': {'unit': 'byte/block', 'value': 0.0}, 'Static Shared Memory Per Block': {'unit': 'Kbyte/block', 'value': 2.05}, '# SMs': {'unit': 'SM', 'value': 128.0}, 'Stack Size': {'unit': '', 'value': 1024.0}, 'Threads': {'unit': 'thread', 'value': 921600.0}, '# TPCs': {'unit': '', 'value': 64.0}, 'Enabled TPC IDs': {'unit': '', 'value': 'all'}, 'Uses Green Context': {'unit': '', 'value': 0.0}, 'Waves Per SM': {'unit': '', 'value': 11.25}, '-------------------------------- --------------- ---------------': {'unit': '', 'value': ''}}, 'Occupancy': {'Block Limit SM': {'unit': 'block', 'value': 24.0}, 'Block Limit Registers': {'unit': 'block', 'value': 5.0}, 'Block Limit Shared Mem': {'unit': 'block', 'value': 10.0}, 'Block Limit Warps': {'unit': 'block', 'value': 12.0}, 'Theoretical Active Warps per SM': {'unit': 'warp', 'value': 20.0}, 'Theoretical Occupancy': {'unit': '%', 'value': 41.67}, 'Achieved Occupancy': {'unit': '%', 'value': 40.21}, 'Achieved Active Warps Per SM': {'unit': 'warp', 'value': 19.3}, '------------------------------- ----------- ------------': {'unit': '', 'value': ''}}, 'GPU and Memory Workload Distribution': {'Average DRAM Active Cycles': {'unit': 'cycle', 'value': 1719857.33}, 'Total DRAM Elapsed Cycles': {'unit': 'cycle', 'value': 361455616.0}, 'Average L1 Active Cycles': {'unit': 'cycle', 'value': 6476714.87}, 'Total L1 Elapsed Cycles': {'unit': 'cycle', 'value': 831769538.0}, 'Average L2 Active Cycles': {'unit': 'cycle', 'value': 5397861.64}, 'Total L2 Elapsed Cycles': {'unit': 'cycle', 'value': 207966780.0}, 'Average SM Active Cycles': {'unit': 'cycle', 'value': 6476714.87}, 'Total SM Elapsed Cycles': {'unit': 'cycle', 'value': 831769538.0}, 'Average SMSP Active Cycles': {'unit': 'cycle', 'value': 6476659.34}, 'Total SMSP Elapsed Cycles': {'unit': '', 'value': 'cycle 3,327,078,152'}, '-------------------------- ----------- -------------': {'unit': '', 'value': ''}}}, 'advice': {'INF': ['This workload is utilizing greater than 80.0% of the available compute or memory performance of the device. To further improve performance, work will likely need to be shifted from the most utilized to another unit. Start by analyzing workloads in the Compute Workload Analysis section.'], 'OPT': ["Est. Local Speedup: 58.33% The 5.00 theoretical warps per scheduler this kernel can issue according to its occupancy are below the hardware maximum of 12. This kernel's theoretical occupancy (41.7%) is limited by the number of required registers."]}}, 'compile': '', 'correct': ''}
/home/tarasaba/PycharmProjects/cutegen_test/cutegen/llm_api.py:8: FutureWarning: 

All support for the `google.generativeai` package has ended. It will no longer be receiving 
updates or bug fixes. Please switch to the `google.genai` package as soon as possible.
See README for more details:

https://github.com/google-gemini/deprecated-generative-ai-python/blob/main/README.md

  import google.generativeai as genai
REF globals batch_size/dim currently:100None
INPUT[0] shape=torch.Size([100, 3, 224, 224]), device=cpu, dtype=torch.float32
REF globals batch_size/dim currently:100None
INPUT[0] shape=torch.Size([100, 3, 224, 224]), device=cpu, dtype=torch.float32
REF globals batch_size/dim currently:100None
INPUT[0] shape=torch.Size([100, 3, 224, 224]), device=cpu, dtype=torch.float32
REF globals batch_size/dim currently:100None
INPUT[0] shape=torch.Size([100, 3, 224, 224]), device=cpu, dtype=torch.float32
REF globals batch_size/dim currently:100None
INPUT[0] shape=torch.Size([100, 3, 224, 224]), device=cpu, dtype=torch.float32
REF globals batch_size/dim currently:100None
INPUT[0] shape=torch.Size([100, 3, 224, 224]), device=cpu, dtype=torch.float32
REF globals batch_size/dim currently:100None
INPUT[0] shape=torch.Size([100, 3, 224, 224]), device=cpu, dtype=torch.float32
REF globals batch_size/dim currently:100None
INPUT[0] shape=torch.Size([100, 3, 224, 224]), device=cpu, dtype=torch.float32
REF globals batch_size/dim currently:100None
INPUT[0] shape=torch.Size([100, 3, 224, 224]), device=cpu, dtype=torch.float32
REF globals batch_size/dim currently:100None
INPUT[0] shape=torch.Size([100, 3, 224, 224]), device=cpu, dtype=torch.float32
run_in_subprocess, result = True, success = True, new_meta = {'prev_nsight_metrics': {'kernel': 'conv2d_tiled_kernel', 'config': {'block_size': 128.0, 'grid_size': 7200.0, 'registers_per_thread': 96.0, 'dynamic_smem_bytes': 0.0, 'static_smem_kb': 2.05, 'theoretical_occupancy_pct': 41.67, 'achieved_occupancy_pct': 40.21}, 'sections': {'GPU Speed Of Light Throughput': {'DRAM Frequency': {'unit': 'Ghz', 'value': 10.24}, 'SM Frequency': {'unit': 'Ghz', 'value': 2.23}, 'Elapsed Cycles': {'unit': 'cycle', 'value': 6569365.0}, 'Memory Throughput': {'unit': '%', 'value': 89.87}, 'DRAM Throughput': {'unit': '%', 'value': 5.71}, 'Duration': {'unit': 'ms', 'value': 2.94}, 'L1/TEX Cache Throughput': {'unit': '%', 'value': 90.16}, 'L2 Cache Throughput': {'unit': '%', 'value': 17.66}, 'SM Active Cycles': {'unit': '', 'value': 'cycle 6,476,714.87'}, 'Compute (SM) Throughput': {'unit': '%', 'value': 89.87}, '----------------------- ----------- ------------': {'unit': '', 'value': ''}}, 'Launch Statistics': {'Block Size': {'unit': '', 'value': 128.0}, 'Function Cache Configuration': {'unit': '', 'value': 'CachePreferNone'}, 'Grid Size': {'unit': '', 'value': 7200.0}, 'Registers Per Thread': {'unit': 'register/thread', 'value': 96.0}, 'Shared Memory Configuration Size': {'unit': 'Kbyte', 'value': 32.77}, 'Driver Shared Memory Per Block': {'unit': 'Kbyte/block', 'value': 1.02}, 'Dynamic Shared Memory Per Block': {'unit': 'byte/block', 'value': 0.0}, 'Static Shared Memory Per Block': {'unit': 'Kbyte/block', 'value': 2.05}, '# SMs': {'unit': 'SM', 'value': 128.0}, 'Stack Size': {'unit': '', 'value': 1024.0}, 'Threads': {'unit': 'thread', 'value': 921600.0}, '# TPCs': {'unit': '', 'value': 64.0}, 'Enabled TPC IDs': {'unit': '', 'value': 'all'}, 'Uses Green Context': {'unit': '', 'value': 0.0}, 'Waves Per SM': {'unit': '', 'value': 11.25}, '-------------------------------- --------------- ---------------': {'unit': '', 'value': ''}}, 'Occupancy': {'Block Limit SM': {'unit': 'block', 'value': 24.0}, 'Block Limit Registers': {'unit': 'block', 'value': 5.0}, 'Block Limit Shared Mem': {'unit': 'block', 'value': 10.0}, 'Block Limit Warps': {'unit': 'block', 'value': 12.0}, 'Theoretical Active Warps per SM': {'unit': 'warp', 'value': 20.0}, 'Theoretical Occupancy': {'unit': '%', 'value': 41.67}, 'Achieved Occupancy': {'unit': '%', 'value': 40.21}, 'Achieved Active Warps Per SM': {'unit': 'warp', 'value': 19.3}, '------------------------------- ----------- ------------': {'unit': '', 'value': ''}}, 'GPU and Memory Workload Distribution': {'Average DRAM Active Cycles': {'unit': 'cycle', 'value': 1719857.33}, 'Total DRAM Elapsed Cycles': {'unit': 'cycle', 'value': 361455616.0}, 'Average L1 Active Cycles': {'unit': 'cycle', 'value': 6476714.87}, 'Total L1 Elapsed Cycles': {'unit': 'cycle', 'value': 831769538.0}, 'Average L2 Active Cycles': {'unit': 'cycle', 'value': 5397861.64}, 'Total L2 Elapsed Cycles': {'unit': 'cycle', 'value': 207966780.0}, 'Average SM Active Cycles': {'unit': 'cycle', 'value': 6476714.87}, 'Total SM Elapsed Cycles': {'unit': 'cycle', 'value': 831769538.0}, 'Average SMSP Active Cycles': {'unit': 'cycle', 'value': 6476659.34}, 'Total SMSP Elapsed Cycles': {'unit': '', 'value': 'cycle 3,327,078,152'}, '-------------------------- ----------- -------------': {'unit': '', 'value': ''}}}, 'advice': {'INF': ['This workload is utilizing greater than 80.0% of the available compute or memory performance of the device. To further improve performance, work will likely need to be shifted from the most utilized to another unit. Start by analyzing workloads in the Compute Workload Analysis section.'], 'OPT': ["Est. Local Speedup: 58.33% The 5.00 theoretical warps per scheduler this kernel can issue according to its occupancy are below the hardware maximum of 12. This kernel's theoretical occupancy (41.7%) is limited by the number of required registers."]}}, 'last_passed_src': 'import math\nimport torch\nimport torch.nn as nn\nfrom torch.utils.cpp_extension import load_inline\n\ncpp_decl = r"""\n#include <torch/extension.h>\ntorch::Tensor conv2d_forward(torch::Tensor x,\n                             torch::Tensor w,\n                             c10::optional<torch::Tensor> b,\n                             int64_t stride,\n                             int64_t padding);\n"""\n\ncuda_src = r"""\n#include <torch/extension.h>\n#include <cuda_runtime.h>\n#include <c10/cuda/CUDAStream.h>\n\n#include <cute/tensor.hpp>\n\nusing namespace cute;\n\n// Cooperative tiled Conv2d forward (stride>=1, symmetric padding, dilation=1).\n// Each block handles CTile output channels x (Threads*PVec) output positions\n// of one image. Weights are staged into shared memory in chunks via CuTe\n// tensors, inputs are read through CuTe global tensors (heavy reuse via L1),\n// and each loaded input value feeds CTile FMAs.\ntemplate <typename T>\n__global__ void conv2d_tiled_kernel(\n    const T* __restrict__ X,\n    const T* __restrict__ W,\n    const T* __restrict__ B,\n    T* __restrict__ Y,\n    int N, int Cin, int H, int Win,\n    int Cout, int Kh, int Kw,\n    int stride, int padding,\n    int Hout, int Wout)\n{\n  constexpr int Threads    = 128;\n  constexpr int PVec       = 4;\n  constexpr int CTile      = 8;\n  constexpr int KChunk     = 64;\n\n  const int tid    = threadIdx.x;\n  const int n      = blockIdx.z;\n  const int c_base = blockIdx.y * CTile;\n\n  const int P_total = Hout * Wout;\n  const int PTile   = Threads * PVec;\n  const int p_block = blockIdx.x * PTile;\n\n  const int Ktot = Cin * Kh * Kw;   // flattened reduction dim (ic, kh, kw)\n  const int Khw  = Kh * Kw;\n\n  // Global memory strides\n  const int64_t sXn = (int64_t)Cin * H * Win;\n  const int64_t sXc = (int64_t)H * Win;\n  const int64_t sXh = (int64_t)Win;\n\n  const int64_t sYn = (int64_t)Cout * Hout * Wout;\n  const int64_t sYc = (int64_t)Hout * Wout;\n  const int64_t sYh = (int64_t)Wout;\n\n  // CuTe tensors over global memory (per-image views)\n  auto mX = make_tensor(\n      make_gmem_ptr(X + (int64_t)n * sXn),\n      make_shape(Cin, H, Win),\n      make_stride(sXc, sXh, Int<1>{})\n  );\n\n  auto mY = make_tensor(\n      make_gmem_ptr(Y + (int64_t)n * sYn),\n      make_shape(Cout, Hout, Wout),\n      make_stride(sYc, sYh, Int<1>{})\n  );\n\n  // Weight viewed as (Cout, Ktot) row-major\n  auto mW = make_tensor(\n      make_gmem_ptr(W),\n      make_shape(Cout, Ktot),\n      make_stride(Ktot, Int<1>{})\n  );\n\n  // Shared-memory weight chunk [CTile, KChunk]\n  __shared__ T sW_raw[CTile * KChunk];\n  auto sW = make_tensor(\n      make_smem_ptr(sW_raw),\n      make_shape(Int<CTile>{}, Int<KChunk>{}),\n      make_stride(Int<KChunk>{}, Int<1>{})\n  );\n\n  // Per-thread output positions and precomputed base input coords\n  int  p_idx[PVec];\n  int  oh_arr[PVec];\n  int  ow_arr[PVec];\n  int  ih0_arr[PVec];\n  int  iw0_arr[PVec];\n  bool valid[PVec];\n\n  #pragma unroll\n  for (int i = 0; i < PVec; ++i) {\n    int p = p_block + tid + i * Threads;\n    p_idx[i] = p;\n    if (p < P_total) {\n      int oh = p / Wout;\n      int ow = p - oh * Wout;\n      oh_arr[i]  = oh;\n      ow_arr[i]  = ow;\n      ih0_arr[i] = oh * stride - padding;\n      iw0_arr[i] = ow * stride - padding;\n      valid[i]   = true;\n    } else {\n      oh_arr[i]  = 0;\n      ow_arr[i]  = 0;\n      ih0_arr[i] = 0;\n      iw0_arr[i] = 0;\n      valid[i]   = false;\n    }\n  }\n\n  // Accumulators initialized with bias (or zero)\n  float acc[CTile][PVec];\n  #pragma unroll\n  for (int cc = 0; cc < CTile; ++cc) {\n    int c = c_base + cc;\n    float bval = 0.0f;\n    if (B != nullptr && c < Cout) {\n      bval = (float)B[c];\n    }\n    #pragma unroll\n    for (int i = 0; i < PVec; ++i) {\n      acc[cc][i] = bval;\n    }\n  }\n\n  // Main loop over reduction dimension in chunks of KChunk\n  for (int k0 = 0; k0 < Ktot; k0 += KChunk) {\n    const int kmax = min(KChunk, Ktot - k0);\n\n    // Cooperatively stage the weight chunk into shared memory\n    for (int kk = tid; kk < KChunk; kk += Threads) {\n      int kg = k0 + kk;\n      #pragma unroll\n      for (int cc = 0; cc < CTile; ++cc) {\n        int c = c_base + cc;\n        T wv = T(0);\n        if (c < Cout && kg < Ktot) {\n          wv = mW(c, kg);\n        }\n        sW(cc, kk) = wv;\n      }\n    }\n    __syncthreads();\n\n    // Compute on this chunk\n    for (int kk = 0; kk < kmax; ++kk) {\n      int kg  = k0 + kk;\n      int ic  = kg / Khw;\n      int rem = kg - ic * Khw;\n      int kh  = rem / Kw;\n      int kw  = rem - kh * Kw;\n\n      #pragma unroll\n      for (int i = 0; i < PVec; ++i) {\n        if (!valid[i]) continue;\n\n        int ih = ih0_arr[i] + kh;\n        int iw = iw0_arr[i] + kw;\n        if ((unsigned)ih >= (unsigned)H) continue;\n        if ((unsigned)iw >= (unsigned)Win) continue;\n\n        float xv = (float)mX(ic, ih, iw);\n\n        #pragma unroll\n        for (int cc = 0; cc < CTile; ++cc) {\n          acc[cc][i] += xv * (float)sW(cc, kk);\n        }\n      }\n    }\n    __syncthreads();\n  }\n\n  // Epilogue: write results\n  #pragma unroll\n  for (int cc = 0; cc < CTile; ++cc) {\n    int c = c_base + cc;\n    if (c >= Cout) continue;\n\n    #pragma unroll\n    for (int i = 0; i < PVec; ++i) {\n      if (!valid[i]) continue;\n      mY(c, oh_arr[i], ow_arr[i]) = static_cast<T>(acc[cc][i]);\n    }\n  }\n}\n\ntorch::Tensor conv2d_forward(torch::Tensor x,\n                             torch::Tensor w,\n                             c10::optional<torch::Tensor> b,\n                             int64_t stride,\n                             int64_t padding) {\n  TORCH_CHECK(x.is_cuda(), "x must be CUDA");\n  TORCH_CHECK(w.is_cuda(), "w must be CUDA");\n  if (b.has_value()) TORCH_CHECK(b.value().is_cuda(), "bias must be CUDA if provided");\n\n  TORCH_CHECK(x.scalar_type() == at::kFloat, "x must be float32");\n  TORCH_CHECK(w.scalar_type() == at::kFloat, "w must be float32");\n  if (b.has_value()) {\n    TORCH_CHECK(b.value().scalar_type() == at::kFloat, "bias must be float32");\n  }\n\n  TORCH_CHECK(x.dim() == 4, "x must be [N, Cin, H, W]");\n  TORCH_CHECK(w.dim() == 4, "w must be [Cout, Cin, Kh, Kw]");\n  TORCH_CHECK(stride > 0, "stride must be > 0");\n  TORCH_CHECK(padding >= 0, "padding must be >= 0");\n\n  const int64_t N    = x.size(0);\n  const int64_t Cin  = x.size(1);\n  const int64_t H    = x.size(2);\n  const int64_t Win  = x.size(3);\n\n  const int64_t Cout = w.size(0);\n  const int64_t Kh   = w.size(2);\n  const int64_t Kw   = w.size(3);\n\n  TORCH_CHECK(w.size(1) == Cin, "w.size(1) must equal x.size(1)");\n\n  const int64_t Hout = (H + 2 * padding - Kh) / stride + 1;\n  const int64_t Wout = (Win + 2 * padding - Kw) / stride + 1;\n  TORCH_CHECK(Hout > 0 && Wout > 0, "Invalid output size computed");\n\n  auto x_c = x.contiguous();\n  auto w_c = w.contiguous();\n\n  torch::Tensor b_c;\n  const float* b_ptr = nullptr;\n  if (b.has_value()) {\n    b_c = b.value().contiguous();\n    TORCH_CHECK(b_c.dim() == 1 && b_c.size(0) == Cout, "bias must be [Cout]");\n    b_ptr = b_c.data_ptr<float>();\n  }\n\n  auto y = torch::empty({N, Cout, Hout, Wout}, x.options());\n\n  constexpr int Threads = 128;\n  constexpr int PVec    = 4;\n  constexpr int CTile   = 8;\n\n  const int64_t P_total = Hout * Wout;\n  const int64_t PTile   = Threads * PVec;\n\n  dim3 block(Threads);\n  dim3 grid(\n      (unsigned)((P_total + PTile - 1) / PTile),\n      (unsigned)((Cout + CTile - 1) / CTile),\n      (unsigned)N\n  );\n\n  cudaStream_t stream = c10::cuda::getCurrentCUDAStream().stream();\n\n  conv2d_tiled_kernel<float><<<grid, block, 0, stream>>>(\n      x_c.data_ptr<float>(),\n      w_c.data_ptr<float>(),\n      b_ptr,\n      y.data_ptr<float>(),\n      (int)N, (int)Cin, (int)H, (int)Win,\n      (int)Cout, (int)Kh, (int)Kw,\n      (int)stride, (int)padding,\n      (int)Hout, (int)Wout\n  );\n\n  auto err = cudaGetLastError();\n  TORCH_CHECK(err == cudaSuccess, "conv2d_tiled_kernel launch failed: ",\n              cudaGetErrorString(err));\n\n  return y;\n}\n"""\n\nconv2d_ext = load_inline(\n    name="cute_conv2d_k11s4_ext",\n    cpp_sources=cpp_decl,\n    cuda_sources=cuda_src,\n    functions=["conv2d_forward"],\n    extra_cflags=["-O3"],\n    extra_cuda_cflags=["-O3"],\n    extra_include_paths=[\n        "/home/tarasaba/PycharmProjects/cutegen_test/cutegen/cutlass/include",\n        "/home/tarasaba/PycharmProjects/cutegen_test/cutegen/cutlass/include/cute/",\n    ],\n    verbose=False,\n)\n\n\nclass ModelNew(nn.Module):\n    """\n    Conv2d(3 -> 96, kernel_size=11, stride=4, padding=2) implemented with a\n    single cooperative tiled CuTe/CUDA kernel.\n    """\n    def __init__(self, num_classes=1000):\n        super(ModelNew, self).__init__()\n        # Parameters stored in a standard Conv2d module (state_dict compatible),\n        # but forward() runs entirely on the custom CuTe kernel.\n        self.conv1 = nn.Conv2d(in_channels=3, out_channels=96, kernel_size=11,\n                               stride=4, padding=2)\n        self._ext = conv2d_ext\n\n    def forward(self, x):\n        return self._ext.conv2d_forward(\n            x,\n            self.conv1.weight,\n            self.conv1.bias,\n            int(self.conv1.stride[0]),\n            int(self.conv1.padding[0]),\n        )', 'last_passed_depth': 0, 'retries_by_depth': {}, 'previous_src_time': {'mean': 2.53, 'std': 0.132, 'min': 2.41, 'max': 3.03, 'num_trials': 100}, 'best_passed_src': 'import math\nimport torch\nimport torch.nn as nn\nfrom torch.utils.cpp_extension import load_inline\n\ncpp_decl = r"""\n#include <torch/extension.h>\ntorch::Tensor conv2d_forward(torch::Tensor x,\n                             torch::Tensor w,\n                             c10::optional<torch::Tensor> b,\n                             int64_t stride,\n                             int64_t padding);\n"""\n\ncuda_src = r"""\n#include <torch/extension.h>\n#include <cuda_runtime.h>\n#include <c10/cuda/CUDAStream.h>\n\n#include <cute/tensor.hpp>\n\nusing namespace cute;\n\n// Cooperative tiled Conv2d forward (stride>=1, symmetric padding, dilation=1).\n// Each block handles CTile output channels x (Threads*PVec) output positions\n// of one image. Weights are staged into shared memory in chunks via CuTe\n// tensors, inputs are read through CuTe global tensors (heavy reuse via L1),\n// and each loaded input value feeds CTile FMAs.\ntemplate <typename T>\n__global__ void conv2d_tiled_kernel(\n    const T* __restrict__ X,\n    const T* __restrict__ W,\n    const T* __restrict__ B,\n    T* __restrict__ Y,\n    int N, int Cin, int H, int Win,\n    int Cout, int Kh, int Kw,\n    int stride, int padding,\n    int Hout, int Wout)\n{\n  constexpr int Threads    = 128;\n  constexpr int PVec       = 4;\n  constexpr int CTile      = 8;\n  constexpr int KChunk     = 64;\n\n  const int tid    = threadIdx.x;\n  const int n      = blockIdx.z;\n  const int c_base = blockIdx.y * CTile;\n\n  const int P_total = Hout * Wout;\n  const int PTile   = Threads * PVec;\n  const int p_block = blockIdx.x * PTile;\n\n  const int Ktot = Cin * Kh * Kw;   // flattened reduction dim (ic, kh, kw)\n  const int Khw  = Kh * Kw;\n\n  // Global memory strides\n  const int64_t sXn = (int64_t)Cin * H * Win;\n  const int64_t sXc = (int64_t)H * Win;\n  const int64_t sXh = (int64_t)Win;\n\n  const int64_t sYn = (int64_t)Cout * Hout * Wout;\n  const int64_t sYc = (int64_t)Hout * Wout;\n  const int64_t sYh = (int64_t)Wout;\n\n  // CuTe tensors over global memory (per-image views)\n  auto mX = make_tensor(\n      make_gmem_ptr(X + (int64_t)n * sXn),\n      make_shape(Cin, H, Win),\n      make_stride(sXc, sXh, Int<1>{})\n  );\n\n  auto mY = make_tensor(\n      make_gmem_ptr(Y + (int64_t)n * sYn),\n      make_shape(Cout, Hout, Wout),\n      make_stride(sYc, sYh, Int<1>{})\n  );\n\n  // Weight viewed as (Cout, Ktot) row-major\n  auto mW = make_tensor(\n      make_gmem_ptr(W),\n      make_shape(Cout, Ktot),\n      make_stride(Ktot, Int<1>{})\n  );\n\n  // Shared-memory weight chunk [CTile, KChunk]\n  __shared__ T sW_raw[CTile * KChunk];\n  auto sW = make_tensor(\n      make_smem_ptr(sW_raw),\n      make_shape(Int<CTile>{}, Int<KChunk>{}),\n      make_stride(Int<KChunk>{}, Int<1>{})\n  );\n\n  // Per-thread output positions and precomputed base input coords\n  int  p_idx[PVec];\n  int  oh_arr[PVec];\n  int  ow_arr[PVec];\n  int  ih0_arr[PVec];\n  int  iw0_arr[PVec];\n  bool valid[PVec];\n\n  #pragma unroll\n  for (int i = 0; i < PVec; ++i) {\n    int p = p_block + tid + i * Threads;\n    p_idx[i] = p;\n    if (p < P_total) {\n      int oh = p / Wout;\n      int ow = p - oh * Wout;\n      oh_arr[i]  = oh;\n      ow_arr[i]  = ow;\n      ih0_arr[i] = oh * stride - padding;\n      iw0_arr[i] = ow * stride - padding;\n      valid[i]   = true;\n    } else {\n      oh_arr[i]  = 0;\n      ow_arr[i]  = 0;\n      ih0_arr[i] = 0;\n      iw0_arr[i] = 0;\n      valid[i]   = false;\n    }\n  }\n\n  // Accumulators initialized with bias (or zero)\n  float acc[CTile][PVec];\n  #pragma unroll\n  for (int cc = 0; cc < CTile; ++cc) {\n    int c = c_base + cc;\n    float bval = 0.0f;\n    if (B != nullptr && c < Cout) {\n      bval = (float)B[c];\n    }\n    #pragma unroll\n    for (int i = 0; i < PVec; ++i) {\n      acc[cc][i] = bval;\n    }\n  }\n\n  // Main loop over reduction dimension in chunks of KChunk\n  for (int k0 = 0; k0 < Ktot; k0 += KChunk) {\n    const int kmax = min(KChunk, Ktot - k0);\n\n    // Cooperatively stage the weight chunk into shared memory\n    for (int kk = tid; kk < KChunk; kk += Threads) {\n      int kg = k0 + kk;\n      #pragma unroll\n      for (int cc = 0; cc < CTile; ++cc) {\n        int c = c_base + cc;\n        T wv = T(0);\n        if (c < Cout && kg < Ktot) {\n          wv = mW(c, kg);\n        }\n        sW(cc, kk) = wv;\n      }\n    }\n    __syncthreads();\n\n    // Compute on this chunk\n    for (int kk = 0; kk < kmax; ++kk) {\n      int kg  = k0 + kk;\n      int ic  = kg / Khw;\n      int rem = kg - ic * Khw;\n      int kh  = rem / Kw;\n      int kw  = rem - kh * Kw;\n\n      #pragma unroll\n      for (int i = 0; i < PVec; ++i) {\n        if (!valid[i]) continue;\n\n        int ih = ih0_arr[i] + kh;\n        int iw = iw0_arr[i] + kw;\n        if ((unsigned)ih >= (unsigned)H) continue;\n        if ((unsigned)iw >= (unsigned)Win) continue;\n\n        float xv = (float)mX(ic, ih, iw);\n\n        #pragma unroll\n        for (int cc = 0; cc < CTile; ++cc) {\n          acc[cc][i] += xv * (float)sW(cc, kk);\n        }\n      }\n    }\n    __syncthreads();\n  }\n\n  // Epilogue: write results\n  #pragma unroll\n  for (int cc = 0; cc < CTile; ++cc) {\n    int c = c_base + cc;\n    if (c >= Cout) continue;\n\n    #pragma unroll\n    for (int i = 0; i < PVec; ++i) {\n      if (!valid[i]) continue;\n      mY(c, oh_arr[i], ow_arr[i]) = static_cast<T>(acc[cc][i]);\n    }\n  }\n}\n\ntorch::Tensor conv2d_forward(torch::Tensor x,\n                             torch::Tensor w,\n                             c10::optional<torch::Tensor> b,\n                             int64_t stride,\n                             int64_t padding) {\n  TORCH_CHECK(x.is_cuda(), "x must be CUDA");\n  TORCH_CHECK(w.is_cuda(), "w must be CUDA");\n  if (b.has_value()) TORCH_CHECK(b.value().is_cuda(), "bias must be CUDA if provided");\n\n  TORCH_CHECK(x.scalar_type() == at::kFloat, "x must be float32");\n  TORCH_CHECK(w.scalar_type() == at::kFloat, "w must be float32");\n  if (b.has_value()) {\n    TORCH_CHECK(b.value().scalar_type() == at::kFloat, "bias must be float32");\n  }\n\n  TORCH_CHECK(x.dim() == 4, "x must be [N, Cin, H, W]");\n  TORCH_CHECK(w.dim() == 4, "w must be [Cout, Cin, Kh, Kw]");\n  TORCH_CHECK(stride > 0, "stride must be > 0");\n  TORCH_CHECK(padding >= 0, "padding must be >= 0");\n\n  const int64_t N    = x.size(0);\n  const int64_t Cin  = x.size(1);\n  const int64_t H    = x.size(2);\n  const int64_t Win  = x.size(3);\n\n  const int64_t Cout = w.size(0);\n  const int64_t Kh   = w.size(2);\n  const int64_t Kw   = w.size(3);\n\n  TORCH_CHECK(w.size(1) == Cin, "w.size(1) must equal x.size(1)");\n\n  const int64_t Hout = (H + 2 * padding - Kh) / stride + 1;\n  const int64_t Wout = (Win + 2 * padding - Kw) / stride + 1;\n  TORCH_CHECK(Hout > 0 && Wout > 0, "Invalid output size computed");\n\n  auto x_c = x.contiguous();\n  auto w_c = w.contiguous();\n\n  torch::Tensor b_c;\n  const float* b_ptr = nullptr;\n  if (b.has_value()) {\n    b_c = b.value().contiguous();\n    TORCH_CHECK(b_c.dim() == 1 && b_c.size(0) == Cout, "bias must be [Cout]");\n    b_ptr = b_c.data_ptr<float>();\n  }\n\n  auto y = torch::empty({N, Cout, Hout, Wout}, x.options());\n\n  constexpr int Threads = 128;\n  constexpr int PVec    = 4;\n  constexpr int CTile   = 8;\n\n  const int64_t P_total = Hout * Wout;\n  const int64_t PTile   = Threads * PVec;\n\n  dim3 block(Threads);\n  dim3 grid(\n      (unsigned)((P_total + PTile - 1) / PTile),\n      (unsigned)((Cout + CTile - 1) / CTile),\n      (unsigned)N\n  );\n\n  cudaStream_t stream = c10::cuda::getCurrentCUDAStream().stream();\n\n  conv2d_tiled_kernel<float><<<grid, block, 0, stream>>>(\n      x_c.data_ptr<float>(),\n      w_c.data_ptr<float>(),\n      b_ptr,\n      y.data_ptr<float>(),\n      (int)N, (int)Cin, (int)H, (int)Win,\n      (int)Cout, (int)Kh, (int)Kw,\n      (int)stride, (int)padding,\n      (int)Hout, (int)Wout\n  );\n\n  auto err = cudaGetLastError();\n  TORCH_CHECK(err == cudaSuccess, "conv2d_tiled_kernel launch failed: ",\n              cudaGetErrorString(err));\n\n  return y;\n}\n"""\n\nconv2d_ext = load_inline(\n    name="cute_conv2d_k11s4_ext",\n    cpp_sources=cpp_decl,\n    cuda_sources=cuda_src,\n    functions=["conv2d_forward"],\n    extra_cflags=["-O3"],\n    extra_cuda_cflags=["-O3"],\n    extra_include_paths=[\n        "/home/tarasaba/PycharmProjects/cutegen_test/cutegen/cutlass/include",\n        "/home/tarasaba/PycharmProjects/cutegen_test/cutegen/cutlass/include/cute/",\n    ],\n    verbose=False,\n)\n\n\nclass ModelNew(nn.Module):\n    """\n    Conv2d(3 -> 96, kernel_size=11, stride=4, padding=2) implemented with a\n    single cooperative tiled CuTe/CUDA kernel.\n    """\n    def __init__(self, num_classes=1000):\n        super(ModelNew, self).__init__()\n        # Parameters stored in a standard Conv2d module (state_dict compatible),\n        # but forward() runs entirely on the custom CuTe kernel.\n        self.conv1 = nn.Conv2d(in_channels=3, out_channels=96, kernel_size=11,\n                               stride=4, padding=2)\n        self._ext = conv2d_ext\n\n    def forward(self, x):\n        return self._ext.conv2d_forward(\n            x,\n            self.conv1.weight,\n            self.conv1.bias,\n            int(self.conv1.stride[0]),\n            int(self.conv1.padding[0]),\n        )', 'best_passed_depth': 0, 'best_passed_time': {'mean': 2.53, 'std': 0.132, 'min': 2.41, 'max': 3.03, 'num_trials': 100}, 'best_passed_nsight_metrics': {'kernel': 'conv2d_tiled_kernel', 'config': {'block_size': 128.0, 'grid_size': 7200.0, 'registers_per_thread': 96.0, 'dynamic_smem_bytes': 0.0, 'static_smem_kb': 2.05, 'theoretical_occupancy_pct': 41.67, 'achieved_occupancy_pct': 40.21}, 'sections': {'GPU Speed Of Light Throughput': {'DRAM Frequency': {'unit': 'Ghz', 'value': 10.24}, 'SM Frequency': {'unit': 'Ghz', 'value': 2.23}, 'Elapsed Cycles': {'unit': 'cycle', 'value': 6569365.0}, 'Memory Throughput': {'unit': '%', 'value': 89.87}, 'DRAM Throughput': {'unit': '%', 'value': 5.71}, 'Duration': {'unit': 'ms', 'value': 2.94}, 'L1/TEX Cache Throughput': {'unit': '%', 'value': 90.16}, 'L2 Cache Throughput': {'unit': '%', 'value': 17.66}, 'SM Active Cycles': {'unit': '', 'value': 'cycle 6,476,714.87'}, 'Compute (SM) Throughput': {'unit': '%', 'value': 89.87}, '----------------------- ----------- ------------': {'unit': '', 'value': ''}}, 'Launch Statistics': {'Block Size': {'unit': '', 'value': 128.0}, 'Function Cache Configuration': {'unit': '', 'value': 'CachePreferNone'}, 'Grid Size': {'unit': '', 'value': 7200.0}, 'Registers Per Thread': {'unit': 'register/thread', 'value': 96.0}, 'Shared Memory Configuration Size': {'unit': 'Kbyte', 'value': 32.77}, 'Driver Shared Memory Per Block': {'unit': 'Kbyte/block', 'value': 1.02}, 'Dynamic Shared Memory Per Block': {'unit': 'byte/block', 'value': 0.0}, 'Static Shared Memory Per Block': {'unit': 'Kbyte/block', 'value': 2.05}, '# SMs': {'unit': 'SM', 'value': 128.0}, 'Stack Size': {'unit': '', 'value': 1024.0}, 'Threads': {'unit': 'thread', 'value': 921600.0}, '# TPCs': {'unit': '', 'value': 64.0}, 'Enabled TPC IDs': {'unit': '', 'value': 'all'}, 'Uses Green Context': {'unit': '', 'value': 0.0}, 'Waves Per SM': {'unit': '', 'value': 11.25}, '-------------------------------- --------------- ---------------': {'unit': '', 'value': ''}}, 'Occupancy': {'Block Limit SM': {'unit': 'block', 'value': 24.0}, 'Block Limit Registers': {'unit': 'block', 'value': 5.0}, 'Block Limit Shared Mem': {'unit': 'block', 'value': 10.0}, 'Block Limit Warps': {'unit': 'block', 'value': 12.0}, 'Theoretical Active Warps per SM': {'unit': 'warp', 'value': 20.0}, 'Theoretical Occupancy': {'unit': '%', 'value': 41.67}, 'Achieved Occupancy': {'unit': '%', 'value': 40.21}, 'Achieved Active Warps Per SM': {'unit': 'warp', 'value': 19.3}, '------------------------------- ----------- ------------': {'unit': '', 'value': ''}}, 'GPU and Memory Workload Distribution': {'Average DRAM Active Cycles': {'unit': 'cycle', 'value': 1719857.33}, 'Total DRAM Elapsed Cycles': {'unit': 'cycle', 'value': 361455616.0}, 'Average L1 Active Cycles': {'unit': 'cycle', 'value': 6476714.87}, 'Total L1 Elapsed Cycles': {'unit': 'cycle', 'value': 831769538.0}, 'Average L2 Active Cycles': {'unit': 'cycle', 'value': 5397861.64}, 'Total L2 Elapsed Cycles': {'unit': 'cycle', 'value': 207966780.0}, 'Average SM Active Cycles': {'unit': 'cycle', 'value': 6476714.87}, 'Total SM Elapsed Cycles': {'unit': 'cycle', 'value': 831769538.0}, 'Average SMSP Active Cycles': {'unit': 'cycle', 'value': 6476659.34}, 'Total SMSP Elapsed Cycles': {'unit': '', 'value': 'cycle 3,327,078,152'}, '-------------------------- ----------- -------------': {'unit': '', 'value': ''}}}, 'advice': {'INF': ['This workload is utilizing greater than 80.0% of the available compute or memory performance of the device. To further improve performance, work will likely need to be shifted from the most utilized to another unit. Start by analyzing workloads in the Compute Workload Analysis section.'], 'OPT': ["Est. Local Speedup: 58.33% The 5.00 theoretical warps per scheduler this kernel can issue according to its occupancy are below the hardware maximum of 12. This kernel's theoretical occupancy (41.7%) is limited by the number of required registers."]}}, 'compile': '', 'correct': 'Passed 10 out of 10 trials: ALL PASSED\nOutput value matched, max diff: 0.0008953958749771118, avg diff: 0.000133105757413432', 'hardware': 'NVIDIA GeForce RTX 4090', 'device': 'cuda:0'}
Node 1_20260815-113911 compile and correct. Metadata: {'prev_nsight_metrics': {'kernel': 'conv2d_tiled_kernel', 'config': {'block_size': 128.0, 'grid_size': 7200.0, 'registers_per_thread': 96.0, 'dynamic_smem_bytes': 0.0, 'static_smem_kb': 2.05, 'theoretical_occupancy_pct': 41.67, 'achieved_occupancy_pct': 40.21}, 'sections': {'GPU Speed Of Light Throughput': {'DRAM Frequency': {'unit': 'Ghz', 'value': 10.24}, 'SM Frequency': {'unit': 'Ghz', 'value': 2.23}, 'Elapsed Cycles': {'unit': 'cycle', 'value': 6569365.0}, 'Memory Throughput': {'unit': '%', 'value': 89.87}, 'DRAM Throughput': {'unit': '%', 'value': 5.71}, 'Duration': {'unit': 'ms', 'value': 2.94}, 'L1/TEX Cache Throughput': {'unit': '%', 'value': 90.16}, 'L2 Cache Throughput': {'unit': '%', 'value': 17.66}, 'SM Active Cycles': {'unit': '', 'value': 'cycle 6,476,714.87'}, 'Compute (SM) Throughput': {'unit': '%', 'value': 89.87}, '----------------------- ----------- ------------': {'unit': '', 'value': ''}}, 'Launch Statistics': {'Block Size': {'unit': '', 'value': 128.0}, 'Function Cache Configuration': {'unit': '', 'value': 'CachePreferNone'}, 'Grid Size': {'unit': '', 'value': 7200.0}, 'Registers Per Thread': {'unit': 'register/thread', 'value': 96.0}, 'Shared Memory Configuration Size': {'unit': 'Kbyte', 'value': 32.77}, 'Driver Shared Memory Per Block': {'unit': 'Kbyte/block', 'value': 1.02}, 'Dynamic Shared Memory Per Block': {'unit': 'byte/block', 'value': 0.0}, 'Static Shared Memory Per Block': {'unit': 'Kbyte/block', 'value': 2.05}, '# SMs': {'unit': 'SM', 'value': 128.0}, 'Stack Size': {'unit': '', 'value': 1024.0}, 'Threads': {'unit': 'thread', 'value': 921600.0}, '# TPCs': {'unit': '', 'value': 64.0}, 'Enabled TPC IDs': {'unit': '', 'value': 'all'}, 'Uses Green Context': {'unit': '', 'value': 0.0}, 'Waves Per SM': {'unit': '', 'value': 11.25}, '-------------------------------- --------------- ---------------': {'unit': '', 'value': ''}}, 'Occupancy': {'Block Limit SM': {'unit': 'block', 'value': 24.0}, 'Block Limit Registers': {'unit': 'block', 'value': 5.0}, 'Block Limit Shared Mem': {'unit': 'block', 'value': 10.0}, 'Block Limit Warps': {'unit': 'block', 'value': 12.0}, 'Theoretical Active Warps per SM': {'unit': 'warp', 'value': 20.0}, 'Theoretical Occupancy': {'unit': '%', 'value': 41.67}, 'Achieved Occupancy': {'unit': '%', 'value': 40.21}, 'Achieved Active Warps Per SM': {'unit': 'warp', 'value': 19.3}, '------------------------------- ----------- ------------': {'unit': '', 'value': ''}}, 'GPU and Memory Workload Distribution': {'Average DRAM Active Cycles': {'unit': 'cycle', 'value': 1719857.33}, 'Total DRAM Elapsed Cycles': {'unit': 'cycle', 'value': 361455616.0}, 'Average L1 Active Cycles': {'unit': 'cycle', 'value': 6476714.87}, 'Total L1 Elapsed Cycles': {'unit': 'cycle', 'value': 831769538.0}, 'Average L2 Active Cycles': {'unit': 'cycle', 'value': 5397861.64}, 'Total L2 Elapsed Cycles': {'unit': 'cycle', 'value': 207966780.0}, 'Average SM Active Cycles': {'unit': 'cycle', 'value': 6476714.87}, 'Total SM Elapsed Cycles': {'unit': 'cycle', 'value': 831769538.0}, 'Average SMSP Active Cycles': {'unit': 'cycle', 'value': 6476659.34}, 'Total SMSP Elapsed Cycles': {'unit': '', 'value': 'cycle 3,327,078,152'}, '-------------------------- ----------- -------------': {'unit': '', 'value': ''}}}, 'advice': {'INF': ['This workload is utilizing greater than 80.0% of the available compute or memory performance of the device. To further improve performance, work will likely need to be shifted from the most utilized to another unit. Start by analyzing workloads in the Compute Workload Analysis section.'], 'OPT': ["Est. Local Speedup: 58.33% The 5.00 theoretical warps per scheduler this kernel can issue according to its occupancy are below the hardware maximum of 12. This kernel's theoretical occupancy (41.7%) is limited by the number of required registers."]}}, 'last_passed_src': 'import math\nimport torch\nimport torch.nn as nn\nfrom torch.utils.cpp_extension import load_inline\n\ncpp_decl = r"""\n#include <torch/extension.h>\ntorch::Tensor conv2d_forward(torch::Tensor x,\n                             torch::Tensor w,\n                             c10::optional<torch::Tensor> b,\n                             int64_t stride,\n                             int64_t padding);\n"""\n\ncuda_src = r"""\n#include <torch/extension.h>\n#include <cuda_runtime.h>\n#include <c10/cuda/CUDAStream.h>\n\n#include <cute/tensor.hpp>\n\nusing namespace cute;\n\n// Cooperative tiled Conv2d forward (stride>=1, symmetric padding, dilation=1).\n// Each block handles CTile output channels x (Threads*PVec) output positions\n// of one image. Weights are staged into shared memory in chunks via CuTe\n// tensors, inputs are read through CuTe global tensors (heavy reuse via L1),\n// and each loaded input value feeds CTile FMAs.\ntemplate <typename T>\n__global__ void conv2d_tiled_kernel(\n    const T* __restrict__ X,\n    const T* __restrict__ W,\n    const T* __restrict__ B,\n    T* __restrict__ Y,\n    int N, int Cin, int H, int Win,\n    int Cout, int Kh, int Kw,\n    int stride, int padding,\n    int Hout, int Wout)\n{\n  constexpr int Threads    = 128;\n  constexpr int PVec       = 4;\n  constexpr int CTile      = 8;\n  constexpr int KChunk     = 64;\n\n  const int tid    = threadIdx.x;\n  const int n      = blockIdx.z;\n  const int c_base = blockIdx.y * CTile;\n\n  const int P_total = Hout * Wout;\n  const int PTile   = Threads * PVec;\n  const int p_block = blockIdx.x * PTile;\n\n  const int Ktot = Cin * Kh * Kw;   // flattened reduction dim (ic, kh, kw)\n  const int Khw  = Kh * Kw;\n\n  // Global memory strides\n  const int64_t sXn = (int64_t)Cin * H * Win;\n  const int64_t sXc = (int64_t)H * Win;\n  const int64_t sXh = (int64_t)Win;\n\n  const int64_t sYn = (int64_t)Cout * Hout * Wout;\n  const int64_t sYc = (int64_t)Hout * Wout;\n  const int64_t sYh = (int64_t)Wout;\n\n  // CuTe tensors over global memory (per-image views)\n  auto mX = make_tensor(\n      make_gmem_ptr(X + (int64_t)n * sXn),\n      make_shape(Cin, H, Win),\n      make_stride(sXc, sXh, Int<1>{})\n  );\n\n  auto mY = make_tensor(\n      make_gmem_ptr(Y + (int64_t)n * sYn),\n      make_shape(Cout, Hout, Wout),\n      make_stride(sYc, sYh, Int<1>{})\n  );\n\n  // Weight viewed as (Cout, Ktot) row-major\n  auto mW = make_tensor(\n      make_gmem_ptr(W),\n      make_shape(Cout, Ktot),\n      make_stride(Ktot, Int<1>{})\n  );\n\n  // Shared-memory weight chunk [CTile, KChunk]\n  __shared__ T sW_raw[CTile * KChunk];\n  auto sW = make_tensor(\n      make_smem_ptr(sW_raw),\n      make_shape(Int<CTile>{}, Int<KChunk>{}),\n      make_stride(Int<KChunk>{}, Int<1>{})\n  );\n\n  // Per-thread output positions and precomputed base input coords\n  int  p_idx[PVec];\n  int  oh_arr[PVec];\n  int  ow_arr[PVec];\n  int  ih0_arr[PVec];\n  int  iw0_arr[PVec];\n  bool valid[PVec];\n\n  #pragma unroll\n  for (int i = 0; i < PVec; ++i) {\n    int p = p_block + tid + i * Threads;\n    p_idx[i] = p;\n    if (p < P_total) {\n      int oh = p / Wout;\n      int ow = p - oh * Wout;\n      oh_arr[i]  = oh;\n      ow_arr[i]  = ow;\n      ih0_arr[i] = oh * stride - padding;\n      iw0_arr[i] = ow * stride - padding;\n      valid[i]   = true;\n    } else {\n      oh_arr[i]  = 0;\n      ow_arr[i]  = 0;\n      ih0_arr[i] = 0;\n      iw0_arr[i] = 0;\n      valid[i]   = false;\n    }\n  }\n\n  // Accumulators initialized with bias (or zero)\n  float acc[CTile][PVec];\n  #pragma unroll\n  for (int cc = 0; cc < CTile; ++cc) {\n    int c = c_base + cc;\n    float bval = 0.0f;\n    if (B != nullptr && c < Cout) {\n      bval = (float)B[c];\n    }\n    #pragma unroll\n    for (int i = 0; i < PVec; ++i) {\n      acc[cc][i] = bval;\n    }\n  }\n\n  // Main loop over reduction dimension in chunks of KChunk\n  for (int k0 = 0; k0 < Ktot; k0 += KChunk) {\n    const int kmax = min(KChunk, Ktot - k0);\n\n    // Cooperatively stage the weight chunk into shared memory\n    for (int kk = tid; kk < KChunk; kk += Threads) {\n      int kg = k0 + kk;\n      #pragma unroll\n      for (int cc = 0; cc < CTile; ++cc) {\n        int c = c_base + cc;\n        T wv = T(0);\n        if (c < Cout && kg < Ktot) {\n          wv = mW(c, kg);\n        }\n        sW(cc, kk) = wv;\n      }\n    }\n    __syncthreads();\n\n    // Compute on this chunk\n    for (int kk = 0; kk < kmax; ++kk) {\n      int kg  = k0 + kk;\n      int ic  = kg / Khw;\n      int rem = kg - ic * Khw;\n      int kh  = rem / Kw;\n      int kw  = rem - kh * Kw;\n\n      #pragma unroll\n      for (int i = 0; i < PVec; ++i) {\n        if (!valid[i]) continue;\n\n        int ih = ih0_arr[i] + kh;\n        int iw = iw0_arr[i] + kw;\n        if ((unsigned)ih >= (unsigned)H) continue;\n        if ((unsigned)iw >= (unsigned)Win) continue;\n\n        float xv = (float)mX(ic, ih, iw);\n\n        #pragma unroll\n        for (int cc = 0; cc < CTile; ++cc) {\n          acc[cc][i] += xv * (float)sW(cc, kk);\n        }\n      }\n    }\n    __syncthreads();\n  }\n\n  // Epilogue: write results\n  #pragma unroll\n  for (int cc = 0; cc < CTile; ++cc) {\n    int c = c_base + cc;\n    if (c >= Cout) continue;\n\n    #pragma unroll\n    for (int i = 0; i < PVec; ++i) {\n      if (!valid[i]) continue;\n      mY(c, oh_arr[i], ow_arr[i]) = static_cast<T>(acc[cc][i]);\n    }\n  }\n}\n\ntorch::Tensor conv2d_forward(torch::Tensor x,\n                             torch::Tensor w,\n                             c10::optional<torch::Tensor> b,\n                             int64_t stride,\n                             int64_t padding) {\n  TORCH_CHECK(x.is_cuda(), "x must be CUDA");\n  TORCH_CHECK(w.is_cuda(), "w must be CUDA");\n  if (b.has_value()) TORCH_CHECK(b.value().is_cuda(), "bias must be CUDA if provided");\n\n  TORCH_CHECK(x.scalar_type() == at::kFloat, "x must be float32");\n  TORCH_CHECK(w.scalar_type() == at::kFloat, "w must be float32");\n  if (b.has_value()) {\n    TORCH_CHECK(b.value().scalar_type() == at::kFloat, "bias must be float32");\n  }\n\n  TORCH_CHECK(x.dim() == 4, "x must be [N, Cin, H, W]");\n  TORCH_CHECK(w.dim() == 4, "w must be [Cout, Cin, Kh, Kw]");\n  TORCH_CHECK(stride > 0, "stride must be > 0");\n  TORCH_CHECK(padding >= 0, "padding must be >= 0");\n\n  const int64_t N    = x.size(0);\n  const int64_t Cin  = x.size(1);\n  const int64_t H    = x.size(2);\n  const int64_t Win  = x.size(3);\n\n  const int64_t Cout = w.size(0);\n  const int64_t Kh   = w.size(2);\n  const int64_t Kw   = w.size(3);\n\n  TORCH_CHECK(w.size(1) == Cin, "w.size(1) must equal x.size(1)");\n\n  const int64_t Hout = (H + 2 * padding - Kh) / stride + 1;\n  const int64_t Wout = (Win + 2 * padding - Kw) / stride + 1;\n  TORCH_CHECK(Hout > 0 && Wout > 0, "Invalid output size computed");\n\n  auto x_c = x.contiguous();\n  auto w_c = w.contiguous();\n\n  torch::Tensor b_c;\n  const float* b_ptr = nullptr;\n  if (b.has_value()) {\n    b_c = b.value().contiguous();\n    TORCH_CHECK(b_c.dim() == 1 && b_c.size(0) == Cout, "bias must be [Cout]");\n    b_ptr = b_c.data_ptr<float>();\n  }\n\n  auto y = torch::empty({N, Cout, Hout, Wout}, x.options());\n\n  constexpr int Threads = 128;\n  constexpr int PVec    = 4;\n  constexpr int CTile   = 8;\n\n  const int64_t P_total = Hout * Wout;\n  const int64_t PTile   = Threads * PVec;\n\n  dim3 block(Threads);\n  dim3 grid(\n      (unsigned)((P_total + PTile - 1) / PTile),\n      (unsigned)((Cout + CTile - 1) / CTile),\n      (unsigned)N\n  );\n\n  cudaStream_t stream = c10::cuda::getCurrentCUDAStream().stream();\n\n  conv2d_tiled_kernel<float><<<grid, block, 0, stream>>>(\n      x_c.data_ptr<float>(),\n      w_c.data_ptr<float>(),\n      b_ptr,\n      y.data_ptr<float>(),\n      (int)N, (int)Cin, (int)H, (int)Win,\n      (int)Cout, (int)Kh, (int)Kw,\n      (int)stride, (int)padding,\n      (int)Hout, (int)Wout\n  );\n\n  auto err = cudaGetLastError();\n  TORCH_CHECK(err == cudaSuccess, "conv2d_tiled_kernel launch failed: ",\n              cudaGetErrorString(err));\n\n  return y;\n}\n"""\n\nconv2d_ext = load_inline(\n    name="cute_conv2d_k11s4_ext",\n    cpp_sources=cpp_decl,\n    cuda_sources=cuda_src,\n    functions=["conv2d_forward"],\n    extra_cflags=["-O3"],\n    extra_cuda_cflags=["-O3"],\n    extra_include_paths=[\n        "/home/tarasaba/PycharmProjects/cutegen_test/cutegen/cutlass/include",\n        "/home/tarasaba/PycharmProjects/cutegen_test/cutegen/cutlass/include/cute/",\n    ],\n    verbose=False,\n)\n\n\nclass ModelNew(nn.Module):\n    """\n    Conv2d(3 -> 96, kernel_size=11, stride=4, padding=2) implemented with a\n    single cooperative tiled CuTe/CUDA kernel.\n    """\n    def __init__(self, num_classes=1000):\n        super(ModelNew, self).__init__()\n        # Parameters stored in a standard Conv2d module (state_dict compatible),\n        # but forward() runs entirely on the custom CuTe kernel.\n        self.conv1 = nn.Conv2d(in_channels=3, out_channels=96, kernel_size=11,\n                               stride=4, padding=2)\n        self._ext = conv2d_ext\n\n    def forward(self, x):\n        return self._ext.conv2d_forward(\n            x,\n            self.conv1.weight,\n            self.conv1.bias,\n            int(self.conv1.stride[0]),\n            int(self.conv1.padding[0]),\n        )', 'last_passed_depth': 0, 'retries_by_depth': {}, 'previous_src_time': {'mean': 2.53, 'std': 0.132, 'min': 2.41, 'max': 3.03, 'num_trials': 100}, 'best_passed_src': 'import math\nimport torch\nimport torch.nn as nn\nfrom torch.utils.cpp_extension import load_inline\n\ncpp_decl = r"""\n#include <torch/extension.h>\ntorch::Tensor conv2d_forward(torch::Tensor x,\n                             torch::Tensor w,\n                             c10::optional<torch::Tensor> b,\n                             int64_t stride,\n                             int64_t padding);\n"""\n\ncuda_src = r"""\n#include <torch/extension.h>\n#include <cuda_runtime.h>\n#include <c10/cuda/CUDAStream.h>\n\n#include <cute/tensor.hpp>\n\nusing namespace cute;\n\n// Cooperative tiled Conv2d forward (stride>=1, symmetric padding, dilation=1).\n// Each block handles CTile output channels x (Threads*PVec) output positions\n// of one image. Weights are staged into shared memory in chunks via CuTe\n// tensors, inputs are read through CuTe global tensors (heavy reuse via L1),\n// and each loaded input value feeds CTile FMAs.\ntemplate <typename T>\n__global__ void conv2d_tiled_kernel(\n    const T* __restrict__ X,\n    const T* __restrict__ W,\n    const T* __restrict__ B,\n    T* __restrict__ Y,\n    int N, int Cin, int H, int Win,\n    int Cout, int Kh, int Kw,\n    int stride, int padding,\n    int Hout, int Wout)\n{\n  constexpr int Threads    = 128;\n  constexpr int PVec       = 4;\n  constexpr int CTile      = 8;\n  constexpr int KChunk     = 64;\n\n  const int tid    = threadIdx.x;\n  const int n      = blockIdx.z;\n  const int c_base = blockIdx.y * CTile;\n\n  const int P_total = Hout * Wout;\n  const int PTile   = Threads * PVec;\n  const int p_block = blockIdx.x * PTile;\n\n  const int Ktot = Cin * Kh * Kw;   // flattened reduction dim (ic, kh, kw)\n  const int Khw  = Kh * Kw;\n\n  // Global memory strides\n  const int64_t sXn = (int64_t)Cin * H * Win;\n  const int64_t sXc = (int64_t)H * Win;\n  const int64_t sXh = (int64_t)Win;\n\n  const int64_t sYn = (int64_t)Cout * Hout * Wout;\n  const int64_t sYc = (int64_t)Hout * Wout;\n  const int64_t sYh = (int64_t)Wout;\n\n  // CuTe tensors over global memory (per-image views)\n  auto mX = make_tensor(\n      make_gmem_ptr(X + (int64_t)n * sXn),\n      make_shape(Cin, H, Win),\n      make_stride(sXc, sXh, Int<1>{})\n  );\n\n  auto mY = make_tensor(\n      make_gmem_ptr(Y + (int64_t)n * sYn),\n      make_shape(Cout, Hout, Wout),\n      make_stride(sYc, sYh, Int<1>{})\n  );\n\n  // Weight viewed as (Cout, Ktot) row-major\n  auto mW = make_tensor(\n      make_gmem_ptr(W),\n      make_shape(Cout, Ktot),\n      make_stride(Ktot, Int<1>{})\n  );\n\n  // Shared-memory weight chunk [CTile, KChunk]\n  __shared__ T sW_raw[CTile * KChunk];\n  auto sW = make_tensor(\n      make_smem_ptr(sW_raw),\n      make_shape(Int<CTile>{}, Int<KChunk>{}),\n      make_stride(Int<KChunk>{}, Int<1>{})\n  );\n\n  // Per-thread output positions and precomputed base input coords\n  int  p_idx[PVec];\n  int  oh_arr[PVec];\n  int  ow_arr[PVec];\n  int  ih0_arr[PVec];\n  int  iw0_arr[PVec];\n  bool valid[PVec];\n\n  #pragma unroll\n  for (int i = 0; i < PVec; ++i) {\n    int p = p_block + tid + i * Threads;\n    p_idx[i] = p;\n    if (p < P_total) {\n      int oh = p / Wout;\n      int ow = p - oh * Wout;\n      oh_arr[i]  = oh;\n      ow_arr[i]  = ow;\n      ih0_arr[i] = oh * stride - padding;\n      iw0_arr[i] = ow * stride - padding;\n      valid[i]   = true;\n    } else {\n      oh_arr[i]  = 0;\n      ow_arr[i]  = 0;\n      ih0_arr[i] = 0;\n      iw0_arr[i] = 0;\n      valid[i]   = false;\n    }\n  }\n\n  // Accumulators initialized with bias (or zero)\n  float acc[CTile][PVec];\n  #pragma unroll\n  for (int cc = 0; cc < CTile; ++cc) {\n    int c = c_base + cc;\n    float bval = 0.0f;\n    if (B != nullptr && c < Cout) {\n      bval = (float)B[c];\n    }\n    #pragma unroll\n    for (int i = 0; i < PVec; ++i) {\n      acc[cc][i] = bval;\n    }\n  }\n\n  // Main loop over reduction dimension in chunks of KChunk\n  for (int k0 = 0; k0 < Ktot; k0 += KChunk) {\n    const int kmax = min(KChunk, Ktot - k0);\n\n    // Cooperatively stage the weight chunk into shared memory\n    for (int kk = tid; kk < KChunk; kk += Threads) {\n      int kg = k0 + kk;\n      #pragma unroll\n      for (int cc = 0; cc < CTile; ++cc) {\n        int c = c_base + cc;\n        T wv = T(0);\n        if (c < Cout && kg < Ktot) {\n          wv = mW(c, kg);\n        }\n        sW(cc, kk) = wv;\n      }\n    }\n    __syncthreads();\n\n    // Compute on this chunk\n    for (int kk = 0; kk < kmax; ++kk) {\n      int kg  = k0 + kk;\n      int ic  = kg / Khw;\n      int rem = kg - ic * Khw;\n      int kh  = rem / Kw;\n      int kw  = rem - kh * Kw;\n\n      #pragma unroll\n      for (int i = 0; i < PVec; ++i) {\n        if (!valid[i]) continue;\n\n        int ih = ih0_arr[i] + kh;\n        int iw = iw0_arr[i] + kw;\n        if ((unsigned)ih >= (unsigned)H) continue;\n        if ((unsigned)iw >= (unsigned)Win) continue;\n\n        float xv = (float)mX(ic, ih, iw);\n\n        #pragma unroll\n        for (int cc = 0; cc < CTile; ++cc) {\n          acc[cc][i] += xv * (float)sW(cc, kk);\n        }\n      }\n    }\n    __syncthreads();\n  }\n\n  // Epilogue: write results\n  #pragma unroll\n  for (int cc = 0; cc < CTile; ++cc) {\n    int c = c_base + cc;\n    if (c >= Cout) continue;\n\n    #pragma unroll\n    for (int i = 0; i < PVec; ++i) {\n      if (!valid[i]) continue;\n      mY(c, oh_arr[i], ow_arr[i]) = static_cast<T>(acc[cc][i]);\n    }\n  }\n}\n\ntorch::Tensor conv2d_forward(torch::Tensor x,\n                             torch::Tensor w,\n                             c10::optional<torch::Tensor> b,\n                             int64_t stride,\n                             int64_t padding) {\n  TORCH_CHECK(x.is_cuda(), "x must be CUDA");\n  TORCH_CHECK(w.is_cuda(), "w must be CUDA");\n  if (b.has_value()) TORCH_CHECK(b.value().is_cuda(), "bias must be CUDA if provided");\n\n  TORCH_CHECK(x.scalar_type() == at::kFloat, "x must be float32");\n  TORCH_CHECK(w.scalar_type() == at::kFloat, "w must be float32");\n  if (b.has_value()) {\n    TORCH_CHECK(b.value().scalar_type() == at::kFloat, "bias must be float32");\n  }\n\n  TORCH_CHECK(x.dim() == 4, "x must be [N, Cin, H, W]");\n  TORCH_CHECK(w.dim() == 4, "w must be [Cout, Cin, Kh, Kw]");\n  TORCH_CHECK(stride > 0, "stride must be > 0");\n  TORCH_CHECK(padding >= 0, "padding must be >= 0");\n\n  const int64_t N    = x.size(0);\n  const int64_t Cin  = x.size(1);\n  const int64_t H    = x.size(2);\n  const int64_t Win  = x.size(3);\n\n  const int64_t Cout = w.size(0);\n  const int64_t Kh   = w.size(2);\n  const int64_t Kw   = w.size(3);\n\n  TORCH_CHECK(w.size(1) == Cin, "w.size(1) must equal x.size(1)");\n\n  const int64_t Hout = (H + 2 * padding - Kh) / stride + 1;\n  const int64_t Wout = (Win + 2 * padding - Kw) / stride + 1;\n  TORCH_CHECK(Hout > 0 && Wout > 0, "Invalid output size computed");\n\n  auto x_c = x.contiguous();\n  auto w_c = w.contiguous();\n\n  torch::Tensor b_c;\n  const float* b_ptr = nullptr;\n  if (b.has_value()) {\n    b_c = b.value().contiguous();\n    TORCH_CHECK(b_c.dim() == 1 && b_c.size(0) == Cout, "bias must be [Cout]");\n    b_ptr = b_c.data_ptr<float>();\n  }\n\n  auto y = torch::empty({N, Cout, Hout, Wout}, x.options());\n\n  constexpr int Threads = 128;\n  constexpr int PVec    = 4;\n  constexpr int CTile   = 8;\n\n  const int64_t P_total = Hout * Wout;\n  const int64_t PTile   = Threads * PVec;\n\n  dim3 block(Threads);\n  dim3 grid(\n      (unsigned)((P_total + PTile - 1) / PTile),\n      (unsigned)((Cout + CTile - 1) / CTile),\n      (unsigned)N\n  );\n\n  cudaStream_t stream = c10::cuda::getCurrentCUDAStream().stream();\n\n  conv2d_tiled_kernel<float><<<grid, block, 0, stream>>>(\n      x_c.data_ptr<float>(),\n      w_c.data_ptr<float>(),\n      b_ptr,\n      y.data_ptr<float>(),\n      (int)N, (int)Cin, (int)H, (int)Win,\n      (int)Cout, (int)Kh, (int)Kw,\n      (int)stride, (int)padding,\n      (int)Hout, (int)Wout\n  );\n\n  auto err = cudaGetLastError();\n  TORCH_CHECK(err == cudaSuccess, "conv2d_tiled_kernel launch failed: ",\n              cudaGetErrorString(err));\n\n  return y;\n}\n"""\n\nconv2d_ext = load_inline(\n    name="cute_conv2d_k11s4_ext",\n    cpp_sources=cpp_decl,\n    cuda_sources=cuda_src,\n    functions=["conv2d_forward"],\n    extra_cflags=["-O3"],\n    extra_cuda_cflags=["-O3"],\n    extra_include_paths=[\n        "/home/tarasaba/PycharmProjects/cutegen_test/cutegen/cutlass/include",\n        "/home/tarasaba/PycharmProjects/cutegen_test/cutegen/cutlass/include/cute/",\n    ],\n    verbose=False,\n)\n\n\nclass ModelNew(nn.Module):\n    """\n    Conv2d(3 -> 96, kernel_size=11, stride=4, padding=2) implemented with a\n    single cooperative tiled CuTe/CUDA kernel.\n    """\n    def __init__(self, num_classes=1000):\n        super(ModelNew, self).__init__()\n        # Parameters stored in a standard Conv2d module (state_dict compatible),\n        # but forward() runs entirely on the custom CuTe kernel.\n        self.conv1 = nn.Conv2d(in_channels=3, out_channels=96, kernel_size=11,\n                               stride=4, padding=2)\n        self._ext = conv2d_ext\n\n    def forward(self, x):\n        return self._ext.conv2d_forward(\n            x,\n            self.conv1.weight,\n            self.conv1.bias,\n            int(self.conv1.stride[0]),\n            int(self.conv1.padding[0]),\n        )', 'best_passed_depth': 0, 'best_passed_time': {'mean': 2.53, 'std': 0.132, 'min': 2.41, 'max': 3.03, 'num_trials': 100}, 'best_passed_nsight_metrics': {'kernel': 'conv2d_tiled_kernel', 'config': {'block_size': 128.0, 'grid_size': 7200.0, 'registers_per_thread': 96.0, 'dynamic_smem_bytes': 0.0, 'static_smem_kb': 2.05, 'theoretical_occupancy_pct': 41.67, 'achieved_occupancy_pct': 40.21}, 'sections': {'GPU Speed Of Light Throughput': {'DRAM Frequency': {'unit': 'Ghz', 'value': 10.24}, 'SM Frequency': {'unit': 'Ghz', 'value': 2.23}, 'Elapsed Cycles': {'unit': 'cycle', 'value': 6569365.0}, 'Memory Throughput': {'unit': '%', 'value': 89.87}, 'DRAM Throughput': {'unit': '%', 'value': 5.71}, 'Duration': {'unit': 'ms', 'value': 2.94}, 'L1/TEX Cache Throughput': {'unit': '%', 'value': 90.16}, 'L2 Cache Throughput': {'unit': '%', 'value': 17.66}, 'SM Active Cycles': {'unit': '', 'value': 'cycle 6,476,714.87'}, 'Compute (SM) Throughput': {'unit': '%', 'value': 89.87}, '----------------------- ----------- ------------': {'unit': '', 'value': ''}}, 'Launch Statistics': {'Block Size': {'unit': '', 'value': 128.0}, 'Function Cache Configuration': {'unit': '', 'value': 'CachePreferNone'}, 'Grid Size': {'unit': '', 'value': 7200.0}, 'Registers Per Thread': {'unit': 'register/thread', 'value': 96.0}, 'Shared Memory Configuration Size': {'unit': 'Kbyte', 'value': 32.77}, 'Driver Shared Memory Per Block': {'unit': 'Kbyte/block', 'value': 1.02}, 'Dynamic Shared Memory Per Block': {'unit': 'byte/block', 'value': 0.0}, 'Static Shared Memory Per Block': {'unit': 'Kbyte/block', 'value': 2.05}, '# SMs': {'unit': 'SM', 'value': 128.0}, 'Stack Size': {'unit': '', 'value': 1024.0}, 'Threads': {'unit': 'thread', 'value': 921600.0}, '# TPCs': {'unit': '', 'value': 64.0}, 'Enabled TPC IDs': {'unit': '', 'value': 'all'}, 'Uses Green Context': {'unit': '', 'value': 0.0}, 'Waves Per SM': {'unit': '', 'value': 11.25}, '-------------------------------- --------------- ---------------': {'unit': '', 'value': ''}}, 'Occupancy': {'Block Limit SM': {'unit': 'block', 'value': 24.0}, 'Block Limit Registers': {'unit': 'block', 'value': 5.0}, 'Block Limit Shared Mem': {'unit': 'block', 'value': 10.0}, 'Block Limit Warps': {'unit': 'block', 'value': 12.0}, 'Theoretical Active Warps per SM': {'unit': 'warp', 'value': 20.0}, 'Theoretical Occupancy': {'unit': '%', 'value': 41.67}, 'Achieved Occupancy': {'unit': '%', 'value': 40.21}, 'Achieved Active Warps Per SM': {'unit': 'warp', 'value': 19.3}, '------------------------------- ----------- ------------': {'unit': '', 'value': ''}}, 'GPU and Memory Workload Distribution': {'Average DRAM Active Cycles': {'unit': 'cycle', 'value': 1719857.33}, 'Total DRAM Elapsed Cycles': {'unit': 'cycle', 'value': 361455616.0}, 'Average L1 Active Cycles': {'unit': 'cycle', 'value': 6476714.87}, 'Total L1 Elapsed Cycles': {'unit': 'cycle', 'value': 831769538.0}, 'Average L2 Active Cycles': {'unit': 'cycle', 'value': 5397861.64}, 'Total L2 Elapsed Cycles': {'unit': 'cycle', 'value': 207966780.0}, 'Average SM Active Cycles': {'unit': 'cycle', 'value': 6476714.87}, 'Total SM Elapsed Cycles': {'unit': 'cycle', 'value': 831769538.0}, 'Average SMSP Active Cycles': {'unit': 'cycle', 'value': 6476659.34}, 'Total SMSP Elapsed Cycles': {'unit': '', 'value': 'cycle 3,327,078,152'}, '-------------------------- ----------- -------------': {'unit': '', 'value': ''}}}, 'advice': {'INF': ['This workload is utilizing greater than 80.0% of the available compute or memory performance of the device. To further improve performance, work will likely need to be shifted from the most utilized to another unit. Start by analyzing workloads in the Compute Workload Analysis section.'], 'OPT': ["Est. Local Speedup: 58.33% The 5.00 theoretical warps per scheduler this kernel can issue according to its occupancy are below the hardware maximum of 12. This kernel's theoretical occupancy (41.7%) is limited by the number of required registers."]}}, 'compile': '', 'correct': ''}
Node 1_20260815-113911 time: {'mean': 2.49, 'std': 0.113, 'min': 2.44, 'max': 3.01, 'num_trials': 100}
{'prev_nsight_metrics': {'kernel': 'conv2d_tiled_kernel', 'config': {'block_size': 128.0, 'grid_size': 7200.0, 'registers_per_thread': 96.0, 'dynamic_smem_bytes': 0.0, 'static_smem_kb': 2.05, 'theoretical_occupancy_pct': 41.67, 'achieved_occupancy_pct': 40.21}, 'sections': {'GPU Speed Of Light Throughput': {'DRAM Frequency': {'unit': 'Ghz', 'value': 10.24}, 'SM Frequency': {'unit': 'Ghz', 'value': 2.23}, 'Elapsed Cycles': {'unit': 'cycle', 'value': 6569365.0}, 'Memory Throughput': {'unit': '%', 'value': 89.87}, 'DRAM Throughput': {'unit': '%', 'value': 5.71}, 'Duration': {'unit': 'ms', 'value': 2.94}, 'L1/TEX Cache Throughput': {'unit': '%', 'value': 90.16}, 'L2 Cache Throughput': {'unit': '%', 'value': 17.66}, 'SM Active Cycles': {'unit': '', 'value': 'cycle 6,476,714.87'}, 'Compute (SM) Throughput': {'unit': '%', 'value': 89.87}, '----------------------- ----------- ------------': {'unit': '', 'value': ''}}, 'Launch Statistics': {'Block Size': {'unit': '', 'value': 128.0}, 'Function Cache Configuration': {'unit': '', 'value': 'CachePreferNone'}, 'Grid Size': {'unit': '', 'value': 7200.0}, 'Registers Per Thread': {'unit': 'register/thread', 'value': 96.0}, 'Shared Memory Configuration Size': {'unit': 'Kbyte', 'value': 32.77}, 'Driver Shared Memory Per Block': {'unit': 'Kbyte/block', 'value': 1.02}, 'Dynamic Shared Memory Per Block': {'unit': 'byte/block', 'value': 0.0}, 'Static Shared Memory Per Block': {'unit': 'Kbyte/block', 'value': 2.05}, '# SMs': {'unit': 'SM', 'value': 128.0}, 'Stack Size': {'unit': '', 'value': 1024.0}, 'Threads': {'unit': 'thread', 'value': 921600.0}, '# TPCs': {'unit': '', 'value': 64.0}, 'Enabled TPC IDs': {'unit': '', 'value': 'all'}, 'Uses Green Context': {'unit': '', 'value': 0.0}, 'Waves Per SM': {'unit': '', 'value': 11.25}, '-------------------------------- --------------- ---------------': {'unit': '', 'value': ''}}, 'Occupancy': {'Block Limit SM': {'unit': 'block', 'value': 24.0}, 'Block Limit Registers': {'unit': 'block', 'value': 5.0}, 'Block Limit Shared Mem': {'unit': 'block', 'value': 10.0}, 'Block Limit Warps': {'unit': 'block', 'value': 12.0}, 'Theoretical Active Warps per SM': {'unit': 'warp', 'value': 20.0}, 'Theoretical Occupancy': {'unit': '%', 'value': 41.67}, 'Achieved Occupancy': {'unit': '%', 'value': 40.21}, 'Achieved Active Warps Per SM': {'unit': 'warp', 'value': 19.3}, '------------------------------- ----------- ------------': {'unit': '', 'value': ''}}, 'GPU and Memory Workload Distribution': {'Average DRAM Active Cycles': {'unit': 'cycle', 'value': 1719857.33}, 'Total DRAM Elapsed Cycles': {'unit': 'cycle', 'value': 361455616.0}, 'Average L1 Active Cycles': {'unit': 'cycle', 'value': 6476714.87}, 'Total L1 Elapsed Cycles': {'unit': 'cycle', 'value': 831769538.0}, 'Average L2 Active Cycles': {'unit': 'cycle', 'value': 5397861.64}, 'Total L2 Elapsed Cycles': {'unit': 'cycle', 'value': 207966780.0}, 'Average SM Active Cycles': {'unit': 'cycle', 'value': 6476714.87}, 'Total SM Elapsed Cycles': {'unit': 'cycle', 'value': 831769538.0}, 'Average SMSP Active Cycles': {'unit': 'cycle', 'value': 6476659.34}, 'Total SMSP Elapsed Cycles': {'unit': '', 'value': 'cycle 3,327,078,152'}, '-------------------------- ----------- -------------': {'unit': '', 'value': ''}}}, 'advice': {'INF': ['This workload is utilizing greater than 80.0% of the available compute or memory performance of the device. To further improve performance, work will likely need to be shifted from the most utilized to another unit. Start by analyzing workloads in the Compute Workload Analysis section.'], 'OPT': ["Est. Local Speedup: 58.33% The 5.00 theoretical warps per scheduler this kernel can issue according to its occupancy are below the hardware maximum of 12. This kernel's theoretical occupancy (41.7%) is limited by the number of required registers."]}}, 'last_passed_src': 'import math\nimport torch\nimport torch.nn as nn\nfrom torch.utils.cpp_extension import load_inline\n\ncpp_decl = r"""\n#include <torch/extension.h>\ntorch::Tensor conv2d_forward(torch::Tensor x,\n                             torch::Tensor w,\n                             c10::optional<torch::Tensor> b,\n                             int64_t stride,\n                             int64_t padding);\n"""\n\ncuda_src = r"""\n#include <torch/extension.h>\n#include <cuda_runtime.h>\n#include <c10/cuda/CUDAStream.h>\n\n#include <cute/tensor.hpp>\n\nusing namespace cute;\n\n// Cooperative tiled Conv2d forward (stride>=1, symmetric padding, dilation=1).\n// Each block handles CTile output channels x (Threads*PVec) output positions\n// of one image. Weights are staged into shared memory in chunks via CuTe\n// tensors, inputs are read through CuTe global tensors (heavy reuse via L1),\n// and each loaded input value feeds CTile FMAs.\ntemplate <typename T>\n__global__ void conv2d_tiled_kernel(\n    const T* __restrict__ X,\n    const T* __restrict__ W,\n    const T* __restrict__ B,\n    T* __restrict__ Y,\n    int N, int Cin, int H, int Win,\n    int Cout, int Kh, int Kw,\n    int stride, int padding,\n    int Hout, int Wout)\n{\n  constexpr int Threads    = 128;\n  constexpr int PVec       = 4;\n  constexpr int CTile      = 8;\n  constexpr int KChunk     = 64;\n\n  const int tid    = threadIdx.x;\n  const int n      = blockIdx.z;\n  const int c_base = blockIdx.y * CTile;\n\n  const int P_total = Hout * Wout;\n  const int PTile   = Threads * PVec;\n  const int p_block = blockIdx.x * PTile;\n\n  const int Ktot = Cin * Kh * Kw;   // flattened reduction dim (ic, kh, kw)\n  const int Khw  = Kh * Kw;\n\n  // Global memory strides\n  const int64_t sXn = (int64_t)Cin * H * Win;\n  const int64_t sXc = (int64_t)H * Win;\n  const int64_t sXh = (int64_t)Win;\n\n  const int64_t sYn = (int64_t)Cout * Hout * Wout;\n  const int64_t sYc = (int64_t)Hout * Wout;\n  const int64_t sYh = (int64_t)Wout;\n\n  // CuTe tensors over global memory (per-image views)\n  auto mX = make_tensor(\n      make_gmem_ptr(X + (int64_t)n * sXn),\n      make_shape(Cin, H, Win),\n      make_stride(sXc, sXh, Int<1>{})\n  );\n\n  auto mY = make_tensor(\n      make_gmem_ptr(Y + (int64_t)n * sYn),\n      make_shape(Cout, Hout, Wout),\n      make_stride(sYc, sYh, Int<1>{})\n  );\n\n  // Weight viewed as (Cout, Ktot) row-major\n  auto mW = make_tensor(\n      make_gmem_ptr(W),\n      make_shape(Cout, Ktot),\n      make_stride(Ktot, Int<1>{})\n  );\n\n  // Shared-memory weight chunk [CTile, KChunk]\n  __shared__ T sW_raw[CTile * KChunk];\n  auto sW = make_tensor(\n      make_smem_ptr(sW_raw),\n      make_shape(Int<CTile>{}, Int<KChunk>{}),\n      make_stride(Int<KChunk>{}, Int<1>{})\n  );\n\n  // Per-thread output positions and precomputed base input coords\n  int  p_idx[PVec];\n  int  oh_arr[PVec];\n  int  ow_arr[PVec];\n  int  ih0_arr[PVec];\n  int  iw0_arr[PVec];\n  bool valid[PVec];\n\n  #pragma unroll\n  for (int i = 0; i < PVec; ++i) {\n    int p = p_block + tid + i * Threads;\n    p_idx[i] = p;\n    if (p < P_total) {\n      int oh = p / Wout;\n      int ow = p - oh * Wout;\n      oh_arr[i]  = oh;\n      ow_arr[i]  = ow;\n      ih0_arr[i] = oh * stride - padding;\n      iw0_arr[i] = ow * stride - padding;\n      valid[i]   = true;\n    } else {\n      oh_arr[i]  = 0;\n      ow_arr[i]  = 0;\n      ih0_arr[i] = 0;\n      iw0_arr[i] = 0;\n      valid[i]   = false;\n    }\n  }\n\n  // Accumulators initialized with bias (or zero)\n  float acc[CTile][PVec];\n  #pragma unroll\n  for (int cc = 0; cc < CTile; ++cc) {\n    int c = c_base + cc;\n    float bval = 0.0f;\n    if (B != nullptr && c < Cout) {\n      bval = (float)B[c];\n    }\n    #pragma unroll\n    for (int i = 0; i < PVec; ++i) {\n      acc[cc][i] = bval;\n    }\n  }\n\n  // Main loop over reduction dimension in chunks of KChunk\n  for (int k0 = 0; k0 < Ktot; k0 += KChunk) {\n    const int kmax = min(KChunk, Ktot - k0);\n\n    // Cooperatively stage the weight chunk into shared memory\n    for (int kk = tid; kk < KChunk; kk += Threads) {\n      int kg = k0 + kk;\n      #pragma unroll\n      for (int cc = 0; cc < CTile; ++cc) {\n        int c = c_base + cc;\n        T wv = T(0);\n        if (c < Cout && kg < Ktot) {\n          wv = mW(c, kg);\n        }\n        sW(cc, kk) = wv;\n      }\n    }\n    __syncthreads();\n\n    // Compute on this chunk\n    for (int kk = 0; kk < kmax; ++kk) {\n      int kg  = k0 + kk;\n      int ic  = kg / Khw;\n      int rem = kg - ic * Khw;\n      int kh  = rem / Kw;\n      int kw  = rem - kh * Kw;\n\n      #pragma unroll\n      for (int i = 0; i < PVec; ++i) {\n        if (!valid[i]) continue;\n\n        int ih = ih0_arr[i] + kh;\n        int iw = iw0_arr[i] + kw;\n        if ((unsigned)ih >= (unsigned)H) continue;\n        if ((unsigned)iw >= (unsigned)Win) continue;\n\n        float xv = (float)mX(ic, ih, iw);\n\n        #pragma unroll\n        for (int cc = 0; cc < CTile; ++cc) {\n          acc[cc][i] += xv * (float)sW(cc, kk);\n        }\n      }\n    }\n    __syncthreads();\n  }\n\n  // Epilogue: write results\n  #pragma unroll\n  for (int cc = 0; cc < CTile; ++cc) {\n    int c = c_base + cc;\n    if (c >= Cout) continue;\n\n    #pragma unroll\n    for (int i = 0; i < PVec; ++i) {\n      if (!valid[i]) continue;\n      mY(c, oh_arr[i], ow_arr[i]) = static_cast<T>(acc[cc][i]);\n    }\n  }\n}\n\ntorch::Tensor conv2d_forward(torch::Tensor x,\n                             torch::Tensor w,\n                             c10::optional<torch::Tensor> b,\n                             int64_t stride,\n                             int64_t padding) {\n  TORCH_CHECK(x.is_cuda(), "x must be CUDA");\n  TORCH_CHECK(w.is_cuda(), "w must be CUDA");\n  if (b.has_value()) TORCH_CHECK(b.value().is_cuda(), "bias must be CUDA if provided");\n\n  TORCH_CHECK(x.scalar_type() == at::kFloat, "x must be float32");\n  TORCH_CHECK(w.scalar_type() == at::kFloat, "w must be float32");\n  if (b.has_value()) {\n    TORCH_CHECK(b.value().scalar_type() == at::kFloat, "bias must be float32");\n  }\n\n  TORCH_CHECK(x.dim() == 4, "x must be [N, Cin, H, W]");\n  TORCH_CHECK(w.dim() == 4, "w must be [Cout, Cin, Kh, Kw]");\n  TORCH_CHECK(stride > 0, "stride must be > 0");\n  TORCH_CHECK(padding >= 0, "padding must be >= 0");\n\n  const int64_t N    = x.size(0);\n  const int64_t Cin  = x.size(1);\n  const int64_t H    = x.size(2);\n  const int64_t Win  = x.size(3);\n\n  const int64_t Cout = w.size(0);\n  const int64_t Kh   = w.size(2);\n  const int64_t Kw   = w.size(3);\n\n  TORCH_CHECK(w.size(1) == Cin, "w.size(1) must equal x.size(1)");\n\n  const int64_t Hout = (H + 2 * padding - Kh) / stride + 1;\n  const int64_t Wout = (Win + 2 * padding - Kw) / stride + 1;\n  TORCH_CHECK(Hout > 0 && Wout > 0, "Invalid output size computed");\n\n  auto x_c = x.contiguous();\n  auto w_c = w.contiguous();\n\n  torch::Tensor b_c;\n  const float* b_ptr = nullptr;\n  if (b.has_value()) {\n    b_c = b.value().contiguous();\n    TORCH_CHECK(b_c.dim() == 1 && b_c.size(0) == Cout, "bias must be [Cout]");\n    b_ptr = b_c.data_ptr<float>();\n  }\n\n  auto y = torch::empty({N, Cout, Hout, Wout}, x.options());\n\n  constexpr int Threads = 128;\n  constexpr int PVec    = 4;\n  constexpr int CTile   = 8;\n\n  const int64_t P_total = Hout * Wout;\n  const int64_t PTile   = Threads * PVec;\n\n  dim3 block(Threads);\n  dim3 grid(\n      (unsigned)((P_total + PTile - 1) / PTile),\n      (unsigned)((Cout + CTile - 1) / CTile),\n      (unsigned)N\n  );\n\n  cudaStream_t stream = c10::cuda::getCurrentCUDAStream().stream();\n\n  conv2d_tiled_kernel<float><<<grid, block, 0, stream>>>(\n      x_c.data_ptr<float>(),\n      w_c.data_ptr<float>(),\n      b_ptr,\n      y.data_ptr<float>(),\n      (int)N, (int)Cin, (int)H, (int)Win,\n      (int)Cout, (int)Kh, (int)Kw,\n      (int)stride, (int)padding,\n      (int)Hout, (int)Wout\n  );\n\n  auto err = cudaGetLastError();\n  TORCH_CHECK(err == cudaSuccess, "conv2d_tiled_kernel launch failed: ",\n              cudaGetErrorString(err));\n\n  return y;\n}\n"""\n\nconv2d_ext = load_inline(\n    name="cute_conv2d_k11s4_ext",\n    cpp_sources=cpp_decl,\n    cuda_sources=cuda_src,\n    functions=["conv2d_forward"],\n    extra_cflags=["-O3"],\n    extra_cuda_cflags=["-O3"],\n    extra_include_paths=[\n        "/home/tarasaba/PycharmProjects/cutegen_test/cutegen/cutlass/include",\n        "/home/tarasaba/PycharmProjects/cutegen_test/cutegen/cutlass/include/cute/",\n    ],\n    verbose=False,\n)\n\n\nclass ModelNew(nn.Module):\n    """\n    Conv2d(3 -> 96, kernel_size=11, stride=4, padding=2) implemented with a\n    single cooperative tiled CuTe/CUDA kernel.\n    """\n    def __init__(self, num_classes=1000):\n        super(ModelNew, self).__init__()\n        # Parameters stored in a standard Conv2d module (state_dict compatible),\n        # but forward() runs entirely on the custom CuTe kernel.\n        self.conv1 = nn.Conv2d(in_channels=3, out_channels=96, kernel_size=11,\n                               stride=4, padding=2)\n        self._ext = conv2d_ext\n\n    def forward(self, x):\n        return self._ext.conv2d_forward(\n            x,\n            self.conv1.weight,\n            self.conv1.bias,\n            int(self.conv1.stride[0]),\n            int(self.conv1.padding[0]),\n        )', 'last_passed_depth': 0, 'retries_by_depth': {}, 'previous_src_time': {'mean': 2.53, 'std': 0.132, 'min': 2.41, 'max': 3.03, 'num_trials': 100}, 'best_passed_src': 'import math\nimport torch\nimport torch.nn as nn\nfrom torch.utils.cpp_extension import load_inline\n\ncpp_decl = r"""\n#include <torch/extension.h>\ntorch::Tensor conv2d_forward(torch::Tensor x,\n                             torch::Tensor w,\n                             c10::optional<torch::Tensor> b,\n                             int64_t stride,\n                             int64_t padding);\n"""\n\ncuda_src = r"""\n#include <torch/extension.h>\n#include <cuda_runtime.h>\n#include <c10/cuda/CUDAStream.h>\n\n#include <cute/tensor.hpp>\n\nusing namespace cute;\n\n// Cooperative tiled Conv2d forward (stride>=1, symmetric padding, dilation=1).\n// Each block handles CTile output channels x (Threads*PVec) output positions\n// of one image. Weights are staged into shared memory in chunks via CuTe\n// tensors, inputs are read through CuTe global tensors (heavy reuse via L1),\n// and each loaded input value feeds CTile FMAs.\ntemplate <typename T>\n__global__ void conv2d_tiled_kernel(\n    const T* __restrict__ X,\n    const T* __restrict__ W,\n    const T* __restrict__ B,\n    T* __restrict__ Y,\n    int N, int Cin, int H, int Win,\n    int Cout, int Kh, int Kw,\n    int stride, int padding,\n    int Hout, int Wout)\n{\n  constexpr int Threads    = 128;\n  constexpr int PVec       = 4;\n  constexpr int CTile      = 8;\n  constexpr int KChunk     = 64;\n\n  const int tid    = threadIdx.x;\n  const int n      = blockIdx.z;\n  const int c_base = blockIdx.y * CTile;\n\n  const int P_total = Hout * Wout;\n  const int PTile   = Threads * PVec;\n  const int p_block = blockIdx.x * PTile;\n\n  const int Ktot = Cin * Kh * Kw;   // flattened reduction dim (ic, kh, kw)\n  const int Khw  = Kh * Kw;\n\n  // Global memory strides\n  const int64_t sXn = (int64_t)Cin * H * Win;\n  const int64_t sXc = (int64_t)H * Win;\n  const int64_t sXh = (int64_t)Win;\n\n  const int64_t sYn = (int64_t)Cout * Hout * Wout;\n  const int64_t sYc = (int64_t)Hout * Wout;\n  const int64_t sYh = (int64_t)Wout;\n\n  // CuTe tensors over global memory (per-image views)\n  auto mX = make_tensor(\n      make_gmem_ptr(X + (int64_t)n * sXn),\n      make_shape(Cin, H, Win),\n      make_stride(sXc, sXh, Int<1>{})\n  );\n\n  auto mY = make_tensor(\n      make_gmem_ptr(Y + (int64_t)n * sYn),\n      make_shape(Cout, Hout, Wout),\n      make_stride(sYc, sYh, Int<1>{})\n  );\n\n  // Weight viewed as (Cout, Ktot) row-major\n  auto mW = make_tensor(\n      make_gmem_ptr(W),\n      make_shape(Cout, Ktot),\n      make_stride(Ktot, Int<1>{})\n  );\n\n  // Shared-memory weight chunk [CTile, KChunk]\n  __shared__ T sW_raw[CTile * KChunk];\n  auto sW = make_tensor(\n      make_smem_ptr(sW_raw),\n      make_shape(Int<CTile>{}, Int<KChunk>{}),\n      make_stride(Int<KChunk>{}, Int<1>{})\n  );\n\n  // Per-thread output positions and precomputed base input coords\n  int  p_idx[PVec];\n  int  oh_arr[PVec];\n  int  ow_arr[PVec];\n  int  ih0_arr[PVec];\n  int  iw0_arr[PVec];\n  bool valid[PVec];\n\n  #pragma unroll\n  for (int i = 0; i < PVec; ++i) {\n    int p = p_block + tid + i * Threads;\n    p_idx[i] = p;\n    if (p < P_total) {\n      int oh = p / Wout;\n      int ow = p - oh * Wout;\n      oh_arr[i]  = oh;\n      ow_arr[i]  = ow;\n      ih0_arr[i] = oh * stride - padding;\n      iw0_arr[i] = ow * stride - padding;\n      valid[i]   = true;\n    } else {\n      oh_arr[i]  = 0;\n      ow_arr[i]  = 0;\n      ih0_arr[i] = 0;\n      iw0_arr[i] = 0;\n      valid[i]   = false;\n    }\n  }\n\n  // Accumulators initialized with bias (or zero)\n  float acc[CTile][PVec];\n  #pragma unroll\n  for (int cc = 0; cc < CTile; ++cc) {\n    int c = c_base + cc;\n    float bval = 0.0f;\n    if (B != nullptr && c < Cout) {\n      bval = (float)B[c];\n    }\n    #pragma unroll\n    for (int i = 0; i < PVec; ++i) {\n      acc[cc][i] = bval;\n    }\n  }\n\n  // Main loop over reduction dimension in chunks of KChunk\n  for (int k0 = 0; k0 < Ktot; k0 += KChunk) {\n    const int kmax = min(KChunk, Ktot - k0);\n\n    // Cooperatively stage the weight chunk into shared memory\n    for (int kk = tid; kk < KChunk; kk += Threads) {\n      int kg = k0 + kk;\n      #pragma unroll\n      for (int cc = 0; cc < CTile; ++cc) {\n        int c = c_base + cc;\n        T wv = T(0);\n        if (c < Cout && kg < Ktot) {\n          wv = mW(c, kg);\n        }\n        sW(cc, kk) = wv;\n      }\n    }\n    __syncthreads();\n\n    // Compute on this chunk\n    for (int kk = 0; kk < kmax; ++kk) {\n      int kg  = k0 + kk;\n      int ic  = kg / Khw;\n      int rem = kg - ic * Khw;\n      int kh  = rem / Kw;\n      int kw  = rem - kh * Kw;\n\n      #pragma unroll\n      for (int i = 0; i < PVec; ++i) {\n        if (!valid[i]) continue;\n\n        int ih = ih0_arr[i] + kh;\n        int iw = iw0_arr[i] + kw;\n        if ((unsigned)ih >= (unsigned)H) continue;\n        if ((unsigned)iw >= (unsigned)Win) continue;\n\n        float xv = (float)mX(ic, ih, iw);\n\n        #pragma unroll\n        for (int cc = 0; cc < CTile; ++cc) {\n          acc[cc][i] += xv * (float)sW(cc, kk);\n        }\n      }\n    }\n    __syncthreads();\n  }\n\n  // Epilogue: write results\n  #pragma unroll\n  for (int cc = 0; cc < CTile; ++cc) {\n    int c = c_base + cc;\n    if (c >= Cout) continue;\n\n    #pragma unroll\n    for (int i = 0; i < PVec; ++i) {\n      if (!valid[i]) continue;\n      mY(c, oh_arr[i], ow_arr[i]) = static_cast<T>(acc[cc][i]);\n    }\n  }\n}\n\ntorch::Tensor conv2d_forward(torch::Tensor x,\n                             torch::Tensor w,\n                             c10::optional<torch::Tensor> b,\n                             int64_t stride,\n                             int64_t padding) {\n  TORCH_CHECK(x.is_cuda(), "x must be CUDA");\n  TORCH_CHECK(w.is_cuda(), "w must be CUDA");\n  if (b.has_value()) TORCH_CHECK(b.value().is_cuda(), "bias must be CUDA if provided");\n\n  TORCH_CHECK(x.scalar_type() == at::kFloat, "x must be float32");\n  TORCH_CHECK(w.scalar_type() == at::kFloat, "w must be float32");\n  if (b.has_value()) {\n    TORCH_CHECK(b.value().scalar_type() == at::kFloat, "bias must be float32");\n  }\n\n  TORCH_CHECK(x.dim() == 4, "x must be [N, Cin, H, W]");\n  TORCH_CHECK(w.dim() == 4, "w must be [Cout, Cin, Kh, Kw]");\n  TORCH_CHECK(stride > 0, "stride must be > 0");\n  TORCH_CHECK(padding >= 0, "padding must be >= 0");\n\n  const int64_t N    = x.size(0);\n  const int64_t Cin  = x.size(1);\n  const int64_t H    = x.size(2);\n  const int64_t Win  = x.size(3);\n\n  const int64_t Cout = w.size(0);\n  const int64_t Kh   = w.size(2);\n  const int64_t Kw   = w.size(3);\n\n  TORCH_CHECK(w.size(1) == Cin, "w.size(1) must equal x.size(1)");\n\n  const int64_t Hout = (H + 2 * padding - Kh) / stride + 1;\n  const int64_t Wout = (Win + 2 * padding - Kw) / stride + 1;\n  TORCH_CHECK(Hout > 0 && Wout > 0, "Invalid output size computed");\n\n  auto x_c = x.contiguous();\n  auto w_c = w.contiguous();\n\n  torch::Tensor b_c;\n  const float* b_ptr = nullptr;\n  if (b.has_value()) {\n    b_c = b.value().contiguous();\n    TORCH_CHECK(b_c.dim() == 1 && b_c.size(0) == Cout, "bias must be [Cout]");\n    b_ptr = b_c.data_ptr<float>();\n  }\n\n  auto y = torch::empty({N, Cout, Hout, Wout}, x.options());\n\n  constexpr int Threads = 128;\n  constexpr int PVec    = 4;\n  constexpr int CTile   = 8;\n\n  const int64_t P_total = Hout * Wout;\n  const int64_t PTile   = Threads * PVec;\n\n  dim3 block(Threads);\n  dim3 grid(\n      (unsigned)((P_total + PTile - 1) / PTile),\n      (unsigned)((Cout + CTile - 1) / CTile),\n      (unsigned)N\n  );\n\n  cudaStream_t stream = c10::cuda::getCurrentCUDAStream().stream();\n\n  conv2d_tiled_kernel<float><<<grid, block, 0, stream>>>(\n      x_c.data_ptr<float>(),\n      w_c.data_ptr<float>(),\n      b_ptr,\n      y.data_ptr<float>(),\n      (int)N, (int)Cin, (int)H, (int)Win,\n      (int)Cout, (int)Kh, (int)Kw,\n      (int)stride, (int)padding,\n      (int)Hout, (int)Wout\n  );\n\n  auto err = cudaGetLastError();\n  TORCH_CHECK(err == cudaSuccess, "conv2d_tiled_kernel launch failed: ",\n              cudaGetErrorString(err));\n\n  return y;\n}\n"""\n\nconv2d_ext = load_inline(\n    name="cute_conv2d_k11s4_ext",\n    cpp_sources=cpp_decl,\n    cuda_sources=cuda_src,\n    functions=["conv2d_forward"],\n    extra_cflags=["-O3"],\n    extra_cuda_cflags=["-O3"],\n    extra_include_paths=[\n        "/home/tarasaba/PycharmProjects/cutegen_test/cutegen/cutlass/include",\n        "/home/tarasaba/PycharmProjects/cutegen_test/cutegen/cutlass/include/cute/",\n    ],\n    verbose=False,\n)\n\n\nclass ModelNew(nn.Module):\n    """\n    Conv2d(3 -> 96, kernel_size=11, stride=4, padding=2) implemented with a\n    single cooperative tiled CuTe/CUDA kernel.\n    """\n    def __init__(self, num_classes=1000):\n        super(ModelNew, self).__init__()\n        # Parameters stored in a standard Conv2d module (state_dict compatible),\n        # but forward() runs entirely on the custom CuTe kernel.\n        self.conv1 = nn.Conv2d(in_channels=3, out_channels=96, kernel_size=11,\n                               stride=4, padding=2)\n        self._ext = conv2d_ext\n\n    def forward(self, x):\n        return self._ext.conv2d_forward(\n            x,\n            self.conv1.weight,\n            self.conv1.bias,\n            int(self.conv1.stride[0]),\n            int(self.conv1.padding[0]),\n        )', 'best_passed_depth': 0, 'best_passed_time': {'mean': 2.53, 'std': 0.132, 'min': 2.41, 'max': 3.03, 'num_trials': 100}, 'best_passed_nsight_metrics': {'kernel': 'conv2d_tiled_kernel', 'config': {'block_size': 128.0, 'grid_size': 7200.0, 'registers_per_thread': 96.0, 'dynamic_smem_bytes': 0.0, 'static_smem_kb': 2.05, 'theoretical_occupancy_pct': 41.67, 'achieved_occupancy_pct': 40.21}, 'sections': {'GPU Speed Of Light Throughput': {'DRAM Frequency': {'unit': 'Ghz', 'value': 10.24}, 'SM Frequency': {'unit': 'Ghz', 'value': 2.23}, 'Elapsed Cycles': {'unit': 'cycle', 'value': 6569365.0}, 'Memory Throughput': {'unit': '%', 'value': 89.87}, 'DRAM Throughput': {'unit': '%', 'value': 5.71}, 'Duration': {'unit': 'ms', 'value': 2.94}, 'L1/TEX Cache Throughput': {'unit': '%', 'value': 90.16}, 'L2 Cache Throughput': {'unit': '%', 'value': 17.66}, 'SM Active Cycles': {'unit': '', 'value': 'cycle 6,476,714.87'}, 'Compute (SM) Throughput': {'unit': '%', 'value': 89.87}, '----------------------- ----------- ------------': {'unit': '', 'value': ''}}, 'Launch Statistics': {'Block Size': {'unit': '', 'value': 128.0}, 'Function Cache Configuration': {'unit': '', 'value': 'CachePreferNone'}, 'Grid Size': {'unit': '', 'value': 7200.0}, 'Registers Per Thread': {'unit': 'register/thread', 'value': 96.0}, 'Shared Memory Configuration Size': {'unit': 'Kbyte', 'value': 32.77}, 'Driver Shared Memory Per Block': {'unit': 'Kbyte/block', 'value': 1.02}, 'Dynamic Shared Memory Per Block': {'unit': 'byte/block', 'value': 0.0}, 'Static Shared Memory Per Block': {'unit': 'Kbyte/block', 'value': 2.05}, '# SMs': {'unit': 'SM', 'value': 128.0}, 'Stack Size': {'unit': '', 'value': 1024.0}, 'Threads': {'unit': 'thread', 'value': 921600.0}, '# TPCs': {'unit': '', 'value': 64.0}, 'Enabled TPC IDs': {'unit': '', 'value': 'all'}, 'Uses Green Context': {'unit': '', 'value': 0.0}, 'Waves Per SM': {'unit': '', 'value': 11.25}, '-------------------------------- --------------- ---------------': {'unit': '', 'value': ''}}, 'Occupancy': {'Block Limit SM': {'unit': 'block', 'value': 24.0}, 'Block Limit Registers': {'unit': 'block', 'value': 5.0}, 'Block Limit Shared Mem': {'unit': 'block', 'value': 10.0}, 'Block Limit Warps': {'unit': 'block', 'value': 12.0}, 'Theoretical Active Warps per SM': {'unit': 'warp', 'value': 20.0}, 'Theoretical Occupancy': {'unit': '%', 'value': 41.67}, 'Achieved Occupancy': {'unit': '%', 'value': 40.21}, 'Achieved Active Warps Per SM': {'unit': 'warp', 'value': 19.3}, '------------------------------- ----------- ------------': {'unit': '', 'value': ''}}, 'GPU and Memory Workload Distribution': {'Average DRAM Active Cycles': {'unit': 'cycle', 'value': 1719857.33}, 'Total DRAM Elapsed Cycles': {'unit': 'cycle', 'value': 361455616.0}, 'Average L1 Active Cycles': {'unit': 'cycle', 'value': 6476714.87}, 'Total L1 Elapsed Cycles': {'unit': 'cycle', 'value': 831769538.0}, 'Average L2 Active Cycles': {'unit': 'cycle', 'value': 5397861.64}, 'Total L2 Elapsed Cycles': {'unit': 'cycle', 'value': 207966780.0}, 'Average SM Active Cycles': {'unit': 'cycle', 'value': 6476714.87}, 'Total SM Elapsed Cycles': {'unit': 'cycle', 'value': 831769538.0}, 'Average SMSP Active Cycles': {'unit': 'cycle', 'value': 6476659.34}, 'Total SMSP Elapsed Cycles': {'unit': '', 'value': 'cycle 3,327,078,152'}, '-------------------------- ----------- -------------': {'unit': '', 'value': ''}}}, 'advice': {'INF': ['This workload is utilizing greater than 80.0% of the available compute or memory performance of the device. To further improve performance, work will likely need to be shifted from the most utilized to another unit. Start by analyzing workloads in the Compute Workload Analysis section.'], 'OPT': ["Est. Local Speedup: 58.33% The 5.00 theoretical warps per scheduler this kernel can issue according to its occupancy are below the hardware maximum of 12. This kernel's theoretical occupancy (41.7%) is limited by the number of required registers."]}}, 'compile': '', 'correct': '', 'hardware': 'NVIDIA GeForce RTX 4090', 'device': 'cuda:0', 'profile_build_directory': '/tmp/ncu_build_pruirzkz', 'profile_tmp_directory': '/tmp/ncu_prof_4xy4zew7', 'profile_cmd': 'env PATH=/home/tarasaba/PycharmProjects/cutegen_test/venv/bin:/usr/local/cuda/bin:/home/tarasaba/PycharmProjects/cutegen_test/venv/bin:/home/tarasaba/miniconda3/bin:/home/tarasaba/miniconda3/condabin:/usr/local/sbin:/usr/local/bin:/usr/sbin:/usr/bin:/sbin:/bin:/usr/games:/usr/local/games:/snap/bin:/snap/bin CUDA_HOME=/usr/local/cuda LD_LIBRARY_PATH=/usr/local/cuda/lib64: VIRTUAL_ENV=/home/tarasaba/PycharmProjects/cutegen_test/venv TORCH_EXTENSIONS_DIR=/tmp/ncu_build_pruirzkz /usr/local/cuda/bin/ncu --set basic --target-processes all --nvtx --nvtx-include CUTGEN_PROFILE_ITER/ /home/tarasaba/PycharmProjects/cutegen_test/venv/bin/python3 /tmp/ncu_prof_4xy4zew7/profiler.py', 'profile_stdout': '==PROF== Connected to process 122729 (/home/tarasaba/miniconda3/bin/python3.13)\n==PROF== Profiling "conv2d_tiled_kernel" - 0: 0%....50%....100% - 8 passes\nPYTHON = /home/tarasaba/PycharmProjects/cutegen_test/venv/bin/python3\nCWD = /home/tarasaba/PycharmProjects/cutegen_test\nTORCH_EXTENSIONS_DIR = /tmp/ncu_build_pruirzkz\nCUDA_HOME = /usr/local/cuda\nPATH = /home/tarasaba/PycharmProjects/cutegen_test/venv/bin:/usr/local/cuda/bin:/home/tarasaba/PycharmProjects/cutegen_test/venv/bin:/home/tarasaba/miniconda3/bin:/home/tarasaba/miniconda3/condabin:/usr/local/sbin:/usr/local/bin:/usr/sbin:/usr/bin:/sbin:/bin:/usr/games:/usr/local/games:/snap/bin:/snap/bin\nwhich ninja = /home/tarasaba/PycharmProjects/cutegen_test/venv/bin/ninja\nwhich nvcc = /usr/local/cuda/bin/nvcc\n==PROF== Disconnected from process 122729\n[122729] python3.13@127.0.0.1\n  void conv2d_tiled_kernel<float>(const T1 *, const T1 *, const T1 *, T1 *, int, int, int, int, int, int, int, int, int, int, int) (6, 12, 100)x(128, 1, 1), Context 1, Stream 7, Device 0, CC 8.9\n\n    NVTX Push/Pop Stack for Thread 122729:\n      <default domain>\n        <0,CUTGEN_PROFILE_ITER>\n    Section: GPU Speed Of Light Throughput\n    ----------------------- ----------- ------------\n    Metric Name             Metric Unit Metric Value\n    ----------------------- ----------- ------------\n    DRAM Frequency                  Ghz        10.24\n    SM Frequency                    Ghz         2.23\n    Elapsed Cycles                cycle    6,190,451\n    Memory Throughput                 %        94.51\n    DRAM Throughput                   %         5.40\n    Duration                         ms         2.77\n    L1/TEX Cache Throughput           %        95.97\n    L2 Cache Throughput               %         9.59\n    SM Active Cycles              cycle 6,082,005.27\n    Compute (SM) Throughput           %        94.51\n    ----------------------- ----------- ------------\n\n    INF   This workload is utilizing greater than 80.0% of the available compute or memory performance of the device.   \n          To further improve performance, work will likely need to be shifted from the most utilized to another unit.   \n          Start by analyzing workloads in the Compute Workload Analysis section.                                        \n\n    Section: Launch Statistics\n    -------------------------------- --------------- ---------------\n    Metric Name                          Metric Unit    Metric Value\n    -------------------------------- --------------- ---------------\n    Block Size                                                   128\n    Function Cache Configuration                     CachePreferNone\n    Grid Size                                                  7,200\n    Registers Per Thread             register/thread              96\n    Shared Memory Configuration Size           Kbyte           65.54\n    Driver Shared Memory Per Block       Kbyte/block            1.02\n    Dynamic Shared Memory Per Block      Kbyte/block           11.62\n    Static Shared Memory Per Block        byte/block               0\n    # SMs                                         SM             128\n    Stack Size                                                 1,024\n    Threads                                   thread         921,600\n    # TPCs                                                        64\n    Enabled TPC IDs                                              all\n    Uses Green Context                                             0\n    Waves Per SM                                               11.25\n    -------------------------------- --------------- ---------------\n\n    Section: Occupancy\n    ------------------------------- ----------- ------------\n    Metric Name                     Metric Unit Metric Value\n    ------------------------------- ----------- ------------\n    Block Limit SM                        block           24\n    Block Limit Registers                 block            5\n    Block Limit Shared Mem                block            5\n    Block Limit Warps                     block           12\n    Theoretical Active Warps per SM        warp           20\n    Theoretical Occupancy                     %        41.67\n    Achieved Occupancy                        %        39.42\n    Achieved Active Warps Per SM           warp        18.92\n    ------------------------------- ----------- ------------\n\n    OPT   Est. Local Speedup: 58.33%                                                                                    \n          The 5.00 theoretical warps per scheduler this kernel can issue according to its occupancy are below the       \n          hardware maximum of 12. This kernel\'s theoretical occupancy (41.7%) is limited by the number of required      \n          registers, and the required amount of shared memory.                                                          \n\n    Section: GPU and Memory Workload Distribution\n    -------------------------- ----------- -------------\n    Metric Name                Metric Unit  Metric Value\n    -------------------------- ----------- -------------\n    Average DRAM Active Cycles       cycle  1,534,129.33\n    Total DRAM Elapsed Cycles        cycle   340,606,976\n    Average L1 Active Cycles         cycle  6,082,005.27\n    Total L1 Elapsed Cycles          cycle   790,508,652\n    Average L2 Active Cycles         cycle  4,905,416.56\n    Total L2 Elapsed Cycles          cycle   195,968,232\n    Average SM Active Cycles         cycle  6,082,005.27\n    Total SM Elapsed Cycles          cycle   790,508,652\n    Average SMSP Active Cycles       cycle  6,072,126.04\n    Total SMSP Elapsed Cycles        cycle 3,162,034,608\n    -------------------------- ----------- -------------\n\n', 'profile_stderr': ''}
removed /tmp/ncu_prof_4xy4zew7
removed /tmp/ncu_build_pruirzkz
==PROF== Connected to process 122729 (/home/tarasaba/miniconda3/bin/python3.13)
==PROF== Profiling "conv2d_tiled_kernel" - 0: 0%....50%....100% - 8 passes
PYTHON = /home/tarasaba/PycharmProjects/cutegen_test/venv/bin/python3
CWD = /home/tarasaba/PycharmProjects/cutegen_test
TORCH_EXTENSIONS_DIR = /tmp/ncu_build_pruirzkz
CUDA_HOME = /usr/local/cuda
PATH = /home/tarasaba/PycharmProjects/cutegen_test/venv/bin:/usr/local/cuda/bin:/home/tarasaba/PycharmProjects/cutegen_test/venv/bin:/home/tarasaba/miniconda3/bin:/home/tarasaba/miniconda3/condabin:/usr/local/sbin:/usr/local/bin:/usr/sbin:/usr/bin:/sbin:/bin:/usr/games:/usr/local/games:/snap/bin:/snap/bin
which ninja = /home/tarasaba/PycharmProjects/cutegen_test/venv/bin/ninja
which nvcc = /usr/local/cuda/bin/nvcc
==PROF== Disconnected from process 122729
[122729] python3.13@127.0.0.1
  void conv2d_tiled_kernel<float>(const T1 *, const T1 *, const T1 *, T1 *, int, int, int, int, int, int, int, int, int, int, int) (6, 12, 100)x(128, 1, 1), Context 1, Stream 7, Device 0, CC 8.9

    NVTX Push/Pop Stack for Thread 122729:
      <default domain>
        <0,CUTGEN_PROFILE_ITER>
    Section: GPU Speed Of Light Throughput
    ----------------------- ----------- ------------
    Metric Name             Metric Unit Metric Value
    ----------------------- ----------- ------------
    DRAM Frequency                  Ghz        10.24
    SM Frequency                    Ghz         2.23
    Elapsed Cycles                cycle    6,190,451
    Memory Throughput                 %        94.51
    DRAM Throughput                   %         5.40
    Duration                         ms         2.77
    L1/TEX Cache Throughput           %        95.97
    L2 Cache Throughput               %         9.59
    SM Active Cycles              cycle 6,082,005.27
    Compute (SM) Throughput           %        94.51
    ----------------------- ----------- ------------

    INF   This workload is utilizing greater than 80.0% of the available compute or memory performance of the device.   
          To further improve performance, work will likely need to be shifted from the most utilized to another unit.   
          Start by analyzing workloads in the Compute Workload Analysis section.                                        

    Section: Launch Statistics
    -------------------------------- --------------- ---------------
    Metric Name                          Metric Unit    Metric Value
    -------------------------------- --------------- ---------------
    Block Size                                                   128
    Function Cache Configuration                     CachePreferNone
    Grid Size                                                  7,200
    Registers Per Thread             register/thread              96
    Shared Memory Configuration Size           Kbyte           65.54
    Driver Shared Memory Per Block       Kbyte/block            1.02
    Dynamic Shared Memory Per Block      Kbyte/block           11.62
    Static Shared Memory Per Block        byte/block               0
    # SMs                                         SM             128
    Stack Size                                                 1,024
    Threads                                   thread         921,600
    # TPCs                                                        64
    Enabled TPC IDs                                              all
    Uses Green Context                                             0
    Waves Per SM                                               11.25
    -------------------------------- --------------- ---------------

    Section: Occupancy
    ------------------------------- ----------- ------------
    Metric Name                     Metric Unit Metric Value
    ------------------------------- ----------- ------------
    Block Limit SM                        block           24
    Block Limit Registers                 block            5
    Block Limit Shared Mem                block            5
    Block Limit Warps                     block           12
    Theoretical Active Warps per SM        warp           20
    Theoretical Occupancy                     %        41.67
    Achieved Occupancy                        %        39.42
    Achieved Active Warps Per SM           warp        18.92
    ------------------------------- ----------- ------------

    OPT   Est. Local Speedup: 58.33%                                                                                    
          The 5.00 theoretical warps per scheduler this kernel can issue according to its occupancy are below the       
          hardware maximum of 12. This kernel's theoretical occupancy (41.7%) is limited by the number of required      
          registers, and the required amount of shared memory.                                                          

    Section: GPU and Memory Workload Distribution
    -------------------------- ----------- -------------
    Metric Name                Metric Unit  Metric Value
    -------------------------- ----------- -------------
    Average DRAM Active Cycles       cycle  1,534,129.33
    Total DRAM Elapsed Cycles        cycle   340,606,976
    Average L1 Active Cycles         cycle  6,082,005.27
    Total L1 Elapsed Cycles          cycle   790,508,652
    Average L2 Active Cycles         cycle  4,905,416.56
    Total L2 Elapsed Cycles          cycle   195,968,232
    Average SM Active Cycles         cycle  6,082,005.27
    Total SM Elapsed Cycles          cycle   790,508,652
    Average SMSP Active Cycles       cycle  6,072,126.04
    Total SMSP Elapsed Cycles        cycle 3,162,034,608
    -------------------------- ----------- -------------


Node 1_20260815-113911 profile: {'returncode': 0}
build_directory to remove: /home/tarasaba/PycharmProjects/cutegen_test/build/1_20260815-113911/
Removed build directory: /home/tarasaba/PycharmProjects/cutegen_test/build/1_20260815-113911/
Node 1_20260815-113911 run iteration 1
Node 2_20260815-115036 initialized
Saving node 1_20260815-113911 to /home/tarasaba/PycharmProjects/cutegen_test/saved_nodes/cute/level1-profiled/103_Conv2D_SquareKernel11.py
Node 2_20260815-115036 run iteration 0
Querying kimi kimi-k3 with temp 0.0 max tokens 32000
